split,true_class,filename,predicted_class
train,glioma,image001.jpg,glioma
train,glioma,image002.jpg,glioma
train,glioma,image003.jpg,glioma
train,glioma,image004.jpg,pituitary
train,glioma,image005.jpg,pituitary
train,glioma,image006.jpg,pituitary
train,glioma,image007.jpg,pituitary
train,glioma,image008.jpg,glioma
train,glioma,image009.jpg,glioma
train,glioma,image010.jpg,glioma
train,glioma,image011.jpg,glioma
train,glioma,image012.jpg,pituitary
train,glioma,image013.jpg,pituitary
train,glioma,image014.jpg,pituitary
train,glioma,image015.jpg,glioma
train,glioma,image016.jpg,pituitary
train,glioma,image017.jpg,pituitary
train,glioma,image018.jpg,glioma
train,glioma,image019.jpg,pituitary
train,glioma,image020.jpg,glioma
train,glioma,image021.jpg,glioma
train,glioma,image022.jpg,glioma
train,glioma,image023.jpg,glioma
train,glioma,image024.jpg,pituitary
train,glioma,image025.jpg,pituitary
train,glioma,image026.jpg,glioma
train,glioma,image027.jpg,glioma
train,glioma,image028.jpg,glioma
train,glioma,image029.jpg,glioma
train,glioma,image030.jpg,glioma
train,glioma,image031.jpg,glioma
train,glioma,image032.jpg,pituitary
train,glioma,image033.jpg,glioma
train,glioma,image034.jpg,glioma
train,glioma,image035.jpg,glioma
train,glioma,image036.jpg,glioma
train,glioma,image037.jpg,glioma
train,glioma,image038.jpg,glioma
train,glioma,image039.jpg,glioma
train,glioma,image040.jpg,glioma
train,glioma,image041.jpg,pituitary
train,glioma,image042.jpg,pituitary
train,glioma,image043.jpg,glioma
train,glioma,image044.jpg,glioma
train,glioma,image045.jpg,pituitary
train,glioma,image046.jpg,pituitary
train,glioma,image047.jpg,meningioma
train,glioma,image048.jpg,glioma
train,glioma,image049.jpg,glioma
train,glioma,image050.jpg,glioma
train,glioma,image051.jpg,glioma
train,glioma,image052.jpg,glioma
train,glioma,image053.jpg,glioma
train,glioma,image054.jpg,pituitary
train,glioma,image055.jpg,pituitary
train,glioma,image056.jpg,pituitary
train,glioma,image057.jpg,pituitary
train,glioma,image058.jpg,pituitary
train,glioma,image059.jpg,meningioma
train,glioma,image060.jpg,pituitary
train,glioma,image061.jpg,glioma
train,glioma,image062.jpg,glioma
train,glioma,image063.jpg,pituitary
train,glioma,image064.jpg,glioma
train,glioma,image065.jpg,glioma
train,glioma,image066.jpg,glioma
train,glioma,image067.jpg,glioma
train,glioma,image068.jpg,glioma
train,glioma,image069.jpg,glioma
train,glioma,image070.jpg,glioma
train,glioma,image071.jpg,glioma
train,glioma,image072.jpg,glioma
train,glioma,image073.jpg,glioma
train,glioma,image074.jpg,glioma
train,glioma,image075.jpg,glioma
train,glioma,image076.jpg,glioma
train,glioma,image077.jpg,glioma
train,glioma,image078.jpg,glioma
train,glioma,image079.jpg,glioma
train,glioma,image080.jpg,glioma
train,glioma,image081.jpg,glioma
train,glioma,image082.jpg,glioma
train,glioma,image083.jpg,glioma
train,glioma,image084.jpg,glioma
train,glioma,image085.jpg,glioma
train,glioma,image086.jpg,glioma
train,glioma,image087.jpg,glioma
train,glioma,image088.jpg,glioma
train,glioma,image089.jpg,glioma
train,glioma,image090.jpg,glioma
train,glioma,image091.jpg,glioma
train,glioma,image092.jpg,glioma
train,glioma,image093.jpg,glioma
train,glioma,image094.jpg,glioma
train,glioma,image095.jpg,meningioma
train,glioma,image096.jpg,glioma
train,glioma,image097.jpg,glioma
train,glioma,image098.jpg,glioma
train,glioma,image099.jpg,glioma
train,glioma,image100.jpg,glioma
train,glioma,image101.jpg,glioma
train,glioma,image102.jpg,glioma
train,glioma,image103.jpg,glioma
train,glioma,image104.jpg,glioma
train,glioma,image105.jpg,glioma
train,glioma,image106.jpg,glioma
train,glioma,image107.jpg,glioma
train,glioma,image108.jpg,glioma
train,glioma,image109.jpg,glioma
train,glioma,image110.jpg,glioma
train,glioma,image111.jpg,glioma
train,glioma,image112.jpg,glioma
train,glioma,image113.jpg,glioma
train,glioma,image114.jpg,glioma
train,glioma,image115.jpg,glioma
train,glioma,image116.jpg,glioma
train,glioma,image117.jpg,glioma
train,glioma,image118.jpg,glioma
train,glioma,image119.jpg,glioma
train,glioma,image120.jpg,glioma
train,glioma,image121.jpg,glioma
train,glioma,image122.jpg,glioma
train,glioma,image123.jpg,glioma
train,glioma,image124.jpg,glioma
train,glioma,image125.jpg,glioma
train,glioma,image126.jpg,meningioma
train,glioma,image127.jpg,pituitary
train,glioma,image128.jpg,glioma
train,glioma,image129.jpg,glioma
train,glioma,image130.jpg,glioma
train,glioma,image131.jpg,glioma
train,glioma,image132.jpg,glioma
train,glioma,image133.jpg,glioma
train,glioma,image134.jpg,glioma
train,glioma,image135.jpg,pituitary
train,glioma,image136.jpg,glioma
train,glioma,image137.jpg,glioma
train,glioma,image138.jpg,glioma
train,glioma,image139.jpg,pituitary
train,glioma,image140.jpg,pituitary
train,glioma,image141.jpg,glioma
train,glioma,image142.jpg,glioma
train,glioma,image143.jpg,glioma
train,glioma,image144.jpg,glioma
train,glioma,image145.jpg,glioma
train,glioma,image146.jpg,glioma
train,glioma,image147.jpg,glioma
train,glioma,image148.jpg,glioma
train,glioma,image149.jpg,glioma
train,glioma,image150.jpg,glioma
train,glioma,image151.jpg,glioma
train,glioma,image152.jpg,glioma
train,glioma,image153.jpg,glioma
train,glioma,image154.jpg,glioma
train,glioma,image155.jpg,glioma
train,glioma,image156.jpg,glioma
train,glioma,image157.jpg,glioma
train,glioma,image158.jpg,glioma
train,glioma,image159.jpg,glioma
train,glioma,image160.jpg,glioma
train,glioma,image161.jpg,glioma
train,glioma,image162.jpg,glioma
train,glioma,image163.jpg,glioma
train,glioma,image164.jpg,glioma
train,glioma,image165.jpg,glioma
train,glioma,image166.jpg,glioma
train,glioma,image167.jpg,glioma
train,glioma,image168.jpg,glioma
train,glioma,image169.jpg,glioma
train,glioma,image170.jpg,pituitary
train,glioma,image171.jpg,pituitary
train,glioma,image172.jpg,glioma
train,glioma,image173.jpg,pituitary
train,glioma,image174.jpg,pituitary
train,glioma,image175.jpg,glioma
train,glioma,image176.jpg,glioma
train,glioma,image177.jpg,glioma
train,glioma,image178.jpg,glioma
train,glioma,image179.jpg,glioma
train,glioma,image180.jpg,glioma
train,glioma,image181.jpg,glioma
train,glioma,image182.jpg,glioma
train,glioma,image183.jpg,glioma
train,glioma,image184.jpg,glioma
train,glioma,image185.jpg,glioma
train,glioma,image186.jpg,glioma
train,glioma,image187.jpg,glioma
train,glioma,image188.jpg,glioma
train,glioma,image189.jpg,glioma
train,glioma,image190.jpg,glioma
train,glioma,image191.jpg,glioma
train,glioma,image192.jpg,glioma
train,glioma,image193.jpg,glioma
train,glioma,image194.jpg,glioma
train,glioma,image195.jpg,glioma
train,glioma,image196.jpg,glioma
train,glioma,image197.jpg,glioma
train,glioma,image198.jpg,glioma
train,glioma,image199.jpg,glioma
train,glioma,image200.jpg,glioma
train,glioma,image201.jpg,glioma
train,glioma,image202.jpg,glioma
train,glioma,image203.jpg,glioma
train,glioma,image204.jpg,glioma
train,glioma,image205.jpg,glioma
train,glioma,image206.jpg,glioma
train,glioma,image207.jpg,glioma
train,glioma,image208.jpg,glioma
train,glioma,image209.jpg,glioma
train,glioma,image210.jpg,glioma
train,glioma,image211.jpg,glioma
train,glioma,image212.jpg,glioma
train,glioma,image213.jpg,glioma
train,glioma,image214.jpg,glioma
train,glioma,image215.jpg,glioma
train,glioma,image216.jpg,glioma
train,glioma,image217.jpg,glioma
train,glioma,image218.jpg,glioma
train,glioma,image219.jpg,glioma
train,glioma,image220.jpg,glioma
train,glioma,image221.jpg,glioma
train,glioma,image222.jpg,glioma
train,glioma,image223.jpg,glioma
train,glioma,image224.jpg,glioma
train,glioma,image225.jpg,pituitary
train,glioma,image226.jpg,glioma
train,glioma,image227.jpg,glioma
train,glioma,image228.jpg,glioma
train,glioma,image229.jpg,glioma
train,glioma,image230.jpg,glioma
train,glioma,image231.jpg,glioma
train,glioma,image232.jpg,glioma
train,glioma,image233.jpg,glioma
train,glioma,image234.jpg,glioma
train,glioma,image235.jpg,glioma
train,glioma,image236.jpg,glioma
train,glioma,image237.jpg,glioma
train,glioma,image238.jpg,glioma
train,glioma,image239.jpg,glioma
train,glioma,image240.jpg,glioma
train,glioma,image241.jpg,glioma
train,glioma,image242.jpg,glioma
train,glioma,image243.jpg,glioma
train,glioma,image244.jpg,glioma
train,glioma,image245.jpg,glioma
train,glioma,image246.jpg,glioma
train,glioma,image247.jpg,glioma
train,glioma,image248.jpg,meningioma
train,glioma,image249.jpg,meningioma
train,glioma,image250.jpg,glioma
train,glioma,image251.jpg,glioma
train,glioma,image252.jpg,glioma
train,glioma,image253.jpg,glioma
train,glioma,image254.jpg,glioma
train,glioma,image255.jpg,glioma
train,glioma,image256.jpg,glioma
train,glioma,image257.jpg,glioma
train,glioma,image258.jpg,glioma
train,glioma,image259.jpg,pituitary
train,glioma,image260.jpg,pituitary
train,glioma,image261.jpg,pituitary
train,glioma,image262.jpg,pituitary
train,glioma,image263.jpg,glioma
train,glioma,image264.jpg,glioma
train,glioma,image265.jpg,glioma
train,glioma,image266.jpg,glioma
train,glioma,image267.jpg,glioma
train,glioma,image268.jpg,glioma
train,glioma,image269.jpg,glioma
train,glioma,image270.jpg,glioma
train,glioma,image271.jpg,glioma
train,glioma,image272.jpg,glioma
train,glioma,image273.jpg,glioma
train,glioma,image274.jpg,glioma
train,glioma,image275.jpg,glioma
train,glioma,image276.jpg,glioma
train,glioma,image277.jpg,glioma
train,glioma,image278.jpg,glioma
train,glioma,image279.jpg,glioma
train,glioma,image280.jpg,glioma
train,glioma,image281.jpg,glioma
train,glioma,image282.jpg,glioma
train,glioma,image283.jpg,glioma
train,glioma,image284.jpg,glioma
train,glioma,image285.jpg,glioma
train,glioma,image286.jpg,glioma
train,glioma,image287.jpg,glioma
train,glioma,image288.jpg,glioma
train,glioma,image289.jpg,glioma
train,glioma,image290.jpg,glioma
train,glioma,image291.jpg,glioma
train,glioma,image292.jpg,glioma
train,glioma,image293.jpg,glioma
train,glioma,image294.jpg,glioma
train,glioma,image295.jpg,glioma
train,glioma,image296.jpg,glioma
train,glioma,image297.jpg,glioma
train,glioma,image298.jpg,glioma
train,glioma,image299.jpg,glioma
train,glioma,image300.jpg,glioma
train,glioma,image301.jpg,glioma
train,glioma,image302.jpg,glioma
train,glioma,image303.jpg,glioma
train,glioma,image304.jpg,glioma
train,glioma,image305.jpg,glioma
train,glioma,image306.jpg,glioma
train,glioma,image307.jpg,glioma
train,glioma,image308.jpg,glioma
train,glioma,image309.jpg,glioma
train,glioma,image310.jpg,glioma
train,glioma,image311.jpg,glioma
train,glioma,image312.jpg,glioma
train,glioma,image313.jpg,glioma
train,glioma,image314.jpg,glioma
train,glioma,image315.jpg,glioma
train,glioma,image316.jpg,glioma
train,glioma,image317.jpg,glioma
train,glioma,image318.jpg,glioma
train,glioma,image319.jpg,glioma
train,glioma,image320.jpg,glioma
train,glioma,image321.jpg,glioma
train,glioma,image322.jpg,glioma
train,glioma,image323.jpg,glioma
train,glioma,image324.jpg,glioma
train,glioma,image325.jpg,glioma
train,glioma,image326.jpg,glioma
train,glioma,image327.jpg,glioma
train,glioma,image328.jpg,glioma
train,glioma,image329.jpg,glioma
train,glioma,image330.jpg,glioma
train,glioma,image331.jpg,glioma
train,glioma,image332.jpg,glioma
train,glioma,image333.jpg,glioma
train,glioma,image334.jpg,glioma
train,glioma,image335.jpg,glioma
train,glioma,image336.jpg,glioma
train,glioma,image337.jpg,glioma
train,glioma,image338.jpg,glioma
train,glioma,image339.jpg,glioma
train,glioma,image340.jpg,glioma
train,glioma,image341.jpg,glioma
train,glioma,image342.jpg,glioma
train,glioma,image343.jpg,glioma
train,glioma,image344.jpg,glioma
train,glioma,image345.jpg,glioma
train,glioma,image346.jpg,glioma
train,glioma,image347.jpg,glioma
train,glioma,image348.jpg,glioma
train,glioma,image349.jpg,glioma
train,glioma,image350.jpg,glioma
train,glioma,image351.jpg,glioma
train,glioma,image352.jpg,glioma
train,glioma,image353.jpg,glioma
train,glioma,image354.jpg,glioma
train,glioma,image355.jpg,glioma
train,glioma,image356.jpg,glioma
train,glioma,image357.jpg,glioma
train,glioma,image358.jpg,glioma
train,glioma,image359.jpg,glioma
train,glioma,image360.jpg,glioma
train,glioma,image361.jpg,glioma
train,glioma,image362.jpg,glioma
train,glioma,image363.jpg,glioma
train,glioma,image364.jpg,glioma
train,glioma,image365.jpg,glioma
train,glioma,image366.jpg,glioma
train,glioma,image367.jpg,glioma
train,glioma,image368.jpg,glioma
train,glioma,image369.jpg,glioma
train,glioma,image370.jpg,glioma
train,glioma,image371.jpg,glioma
train,glioma,image372.jpg,glioma
train,glioma,image373.jpg,glioma
train,glioma,image374.jpg,glioma
train,glioma,image375.jpg,glioma
train,glioma,image376.jpg,glioma
train,glioma,image377.jpg,glioma
train,glioma,image378.jpg,glioma
train,glioma,image379.jpg,glioma
train,glioma,image380.jpg,glioma
train,glioma,image381.jpg,glioma
train,glioma,image382.jpg,glioma
train,glioma,image383.jpg,glioma
train,glioma,image384.jpg,glioma
train,glioma,image385.jpg,glioma
train,glioma,image386.jpg,glioma
train,glioma,image387.jpg,glioma
train,glioma,image388.jpg,glioma
train,glioma,image389.jpg,glioma
train,glioma,image390.jpg,glioma
train,glioma,image391.jpg,glioma
train,glioma,image392.jpg,glioma
train,glioma,image393.jpg,glioma
train,glioma,image394.jpg,glioma
train,glioma,image395.jpg,glioma
train,glioma,image396.jpg,glioma
train,glioma,image397.jpg,glioma
train,glioma,image398.jpg,glioma
train,glioma,image399.jpg,glioma
train,glioma,image400.jpg,glioma
train,glioma,image401.jpg,glioma
train,glioma,image402.jpg,glioma
train,glioma,image403.jpg,glioma
train,glioma,image404.jpg,glioma
train,glioma,image405.jpg,glioma
train,glioma,image406.jpg,glioma
train,glioma,image407.jpg,glioma
train,glioma,image408.jpg,glioma
train,glioma,image409.jpg,glioma
train,glioma,image410.jpg,glioma
train,glioma,image411.jpg,glioma
train,glioma,image412.jpg,glioma
train,glioma,image413.jpg,glioma
train,glioma,image414.jpg,glioma
train,glioma,image415.jpg,glioma
train,glioma,image416.jpg,glioma
train,glioma,image417.jpg,glioma
train,glioma,image418.jpg,glioma
train,glioma,image419.jpg,glioma
train,glioma,image420.jpg,glioma
train,glioma,image421.jpg,glioma
train,glioma,image422.jpg,glioma
train,glioma,image423.jpg,glioma
train,glioma,image424.jpg,glioma
train,glioma,image425.jpg,glioma
train,glioma,image426.jpg,glioma
train,glioma,image427.jpg,glioma
train,glioma,image428.jpg,glioma
train,glioma,image429.jpg,glioma
train,glioma,image430.jpg,glioma
train,glioma,image431.jpg,glioma
train,glioma,image432.jpg,glioma
train,glioma,image433.jpg,glioma
train,glioma,image434.jpg,glioma
train,glioma,image435.jpg,glioma
train,glioma,image436.jpg,glioma
train,glioma,image437.jpg,glioma
train,glioma,image438.jpg,glioma
train,glioma,image439.jpg,glioma
train,glioma,image440.jpg,glioma
train,glioma,image441.jpg,glioma
train,glioma,image442.jpg,glioma
train,glioma,image443.jpg,glioma
train,glioma,image444.jpg,glioma
train,glioma,image445.jpg,glioma
train,glioma,image446.jpg,glioma
train,glioma,image447.jpg,glioma
train,glioma,image448.jpg,glioma
train,glioma,image449.jpg,glioma
train,glioma,image450.jpg,glioma
train,glioma,image451.jpg,glioma
train,glioma,image452.jpg,glioma
train,glioma,image453.jpg,glioma
train,glioma,image454.jpg,glioma
train,glioma,image455.jpg,glioma
train,glioma,image456.jpg,glioma
train,glioma,image457.jpg,glioma
train,glioma,image458.jpg,glioma
train,glioma,image459.jpg,glioma
train,glioma,image460.jpg,glioma
train,glioma,image461.jpg,glioma
train,glioma,image462.jpg,glioma
train,glioma,image463.jpg,glioma
train,glioma,image464.jpg,glioma
train,glioma,image465.jpg,glioma
train,glioma,image466.jpg,glioma
train,glioma,image467.jpg,glioma
train,glioma,image468.jpg,glioma
train,glioma,image469.jpg,glioma
train,glioma,image470.jpg,glioma
train,glioma,image471.jpg,glioma
train,glioma,image472.jpg,glioma
train,glioma,image473.jpg,glioma
train,glioma,image474.jpg,glioma
train,glioma,image475.jpg,glioma
train,glioma,image476.jpg,glioma
train,glioma,image477.jpg,glioma
train,glioma,image478.jpg,glioma
train,glioma,image479.jpg,glioma
train,glioma,image480.jpg,glioma
train,glioma,image481.jpg,glioma
train,glioma,image482.jpg,glioma
train,glioma,image483.jpg,glioma
train,glioma,image484.jpg,glioma
train,glioma,image485.jpg,glioma
train,glioma,image486.jpg,glioma
train,glioma,image487.jpg,glioma
train,glioma,image488.jpg,glioma
train,glioma,image489.jpg,glioma
train,glioma,image490.jpg,glioma
train,glioma,image491.jpg,meningioma
train,glioma,image492.jpg,meningioma
train,glioma,image493.jpg,glioma
train,glioma,image494.jpg,glioma
train,glioma,image495.jpg,glioma
train,glioma,image496.jpg,glioma
train,glioma,image497.jpg,glioma
train,glioma,image498.jpg,glioma
train,glioma,image499.jpg,glioma
train,glioma,image500.jpg,glioma
train,glioma,image501.jpg,glioma
train,glioma,image502.jpg,glioma
train,glioma,image503.jpg,glioma
train,glioma,image504.jpg,glioma
train,glioma,image505.jpg,glioma
train,glioma,image506.jpg,glioma
train,glioma,image507.jpg,glioma
train,glioma,image508.jpg,glioma
train,glioma,image509.jpg,glioma
train,glioma,image510.jpg,glioma
train,glioma,image511.jpg,glioma
train,glioma,image512.jpg,glioma
train,glioma,image513.jpg,glioma
train,glioma,image514.jpg,meningioma
train,glioma,image515.jpg,glioma
train,glioma,image516.jpg,glioma
train,glioma,image517.jpg,glioma
train,glioma,image518.jpg,glioma
train,glioma,image519.jpg,glioma
train,glioma,image520.jpg,glioma
train,glioma,image521.jpg,glioma
train,glioma,image522.jpg,glioma
train,glioma,image523.jpg,glioma
train,glioma,image524.jpg,glioma
train,glioma,image525.jpg,glioma
train,glioma,image526.jpg,glioma
train,glioma,image527.jpg,glioma
train,glioma,image528.jpg,glioma
train,glioma,image529.jpg,glioma
train,glioma,image530.jpg,glioma
train,glioma,image531.jpg,glioma
train,glioma,image532.jpg,glioma
train,glioma,image533.jpg,glioma
train,glioma,image534.jpg,glioma
train,glioma,image535.jpg,glioma
train,glioma,image536.jpg,glioma
train,glioma,image537.jpg,glioma
train,glioma,image538.jpg,glioma
train,glioma,image539.jpg,glioma
train,glioma,image540.jpg,glioma
train,glioma,image541.jpg,glioma
train,glioma,image542.jpg,glioma
train,glioma,image543.jpg,glioma
train,glioma,image544.jpg,glioma
train,glioma,image545.jpg,glioma
train,glioma,image546.jpg,glioma
train,glioma,image547.jpg,glioma
train,glioma,image548.jpg,glioma
train,glioma,image549.jpg,glioma
train,glioma,image550.jpg,glioma
train,glioma,image551.jpg,glioma
train,glioma,image552.jpg,glioma
train,glioma,image553.jpg,glioma
train,glioma,image554.jpg,glioma
train,glioma,image555.jpg,glioma
train,glioma,image556.jpg,glioma
train,glioma,image557.jpg,glioma
train,glioma,image558.jpg,glioma
train,glioma,image559.jpg,glioma
train,glioma,image560.jpg,glioma
train,glioma,image561.jpg,glioma
train,glioma,image562.jpg,glioma
train,glioma,image563.jpg,glioma
train,glioma,image564.jpg,glioma
train,meningioma,image001.jpg,glioma
train,meningioma,image002.jpg,glioma
train,meningioma,image003.jpg,glioma
train,meningioma,image004.jpg,glioma
train,meningioma,image005.jpg,meningioma
train,meningioma,image006.jpg,glioma
train,meningioma,image007.jpg,pituitary
train,meningioma,image008.jpg,glioma
train,meningioma,image009.jpg,glioma
train,meningioma,image010.jpg,meningioma
train,meningioma,image011.jpg,glioma
train,meningioma,image012.jpg,meningioma
train,meningioma,image013.jpg,meningioma
train,meningioma,image014.jpg,glioma
train,meningioma,image015.jpg,glioma
train,meningioma,image016.jpg,glioma
train,meningioma,image017.jpg,glioma
train,meningioma,image018.jpg,glioma
train,meningioma,image019.jpg,glioma
train,meningioma,image020.jpg,meningioma
train,meningioma,image021.jpg,glioma
train,meningioma,image022.jpg,glioma
train,meningioma,image023.jpg,meningioma
train,meningioma,image024.jpg,glioma
train,meningioma,image025.jpg,glioma
train,meningioma,image026.jpg,glioma
train,meningioma,image027.jpg,glioma
train,meningioma,image028.jpg,glioma
train,meningioma,image029.jpg,glioma
train,meningioma,image030.jpg,glioma
train,meningioma,image031.jpg,glioma
train,meningioma,image032.jpg,glioma
train,meningioma,image033.jpg,glioma
train,meningioma,image034.jpg,glioma
train,meningioma,image035.jpg,glioma
train,meningioma,image036.jpg,glioma
train,meningioma,image037.jpg,glioma
train,meningioma,image038.jpg,glioma
train,meningioma,image039.jpg,pituitary
train,meningioma,image040.jpg,glioma
train,meningioma,image041.jpg,glioma
train,meningioma,image042.jpg,meningioma
train,meningioma,image043.jpg,meningioma
train,meningioma,image044.jpg,meningioma
train,meningioma,image045.jpg,pituitary
train,meningioma,image046.jpg,glioma
train,meningioma,image047.jpg,glioma
train,meningioma,image048.jpg,glioma
train,meningioma,image049.jpg,glioma
train,meningioma,image050.jpg,glioma
train,meningioma,image051.jpg,glioma
train,meningioma,image052.jpg,glioma
train,meningioma,image053.jpg,glioma
train,meningioma,image054.jpg,meningioma
train,meningioma,image055.jpg,glioma
train,meningioma,image056.jpg,glioma
train,meningioma,image057.jpg,glioma
train,meningioma,image058.jpg,glioma
train,meningioma,image059.jpg,glioma
train,meningioma,image060.jpg,glioma
train,meningioma,image061.jpg,glioma
train,meningioma,image062.jpg,glioma
train,meningioma,image063.jpg,meningioma
train,meningioma,image064.jpg,meningioma
train,meningioma,image065.jpg,glioma
train,meningioma,image066.jpg,glioma
train,meningioma,image067.jpg,glioma
train,meningioma,image068.jpg,glioma
train,meningioma,image069.jpg,pituitary
train,meningioma,image070.jpg,pituitary
train,meningioma,image071.jpg,pituitary
train,meningioma,image072.jpg,pituitary
train,meningioma,image073.jpg,pituitary
train,meningioma,image074.jpg,meningioma
train,meningioma,image075.jpg,pituitary
train,meningioma,image076.jpg,pituitary
train,meningioma,image077.jpg,pituitary
train,meningioma,image078.jpg,pituitary
train,meningioma,image079.jpg,pituitary
train,meningioma,image080.jpg,pituitary
train,meningioma,image081.jpg,pituitary
train,meningioma,image082.jpg,pituitary
train,meningioma,image083.jpg,meningioma
train,meningioma,image084.jpg,meningioma
train,meningioma,image085.jpg,glioma
train,meningioma,image086.jpg,meningioma
train,meningioma,image087.jpg,glioma
train,meningioma,image088.jpg,glioma
train,meningioma,image089.jpg,glioma
train,meningioma,image090.jpg,glioma
train,meningioma,image091.jpg,meningioma
train,meningioma,image092.jpg,glioma
train,meningioma,image093.jpg,glioma
train,meningioma,image094.jpg,glioma
train,meningioma,image095.jpg,glioma
train,meningioma,image096.jpg,pituitary
train,meningioma,image097.jpg,glioma
train,meningioma,image098.jpg,pituitary
train,meningioma,image099.jpg,meningioma
train,meningioma,image100.jpg,glioma
train,meningioma,image101.jpg,glioma
train,meningioma,image102.jpg,glioma
train,meningioma,image103.jpg,glioma
train,meningioma,image104.jpg,meningioma
train,meningioma,image105.jpg,pituitary
train,meningioma,image106.jpg,glioma
train,meningioma,image107.jpg,glioma
train,meningioma,image108.jpg,pituitary
train,meningioma,image109.jpg,no_tumor
train,meningioma,image110.jpg,no_tumor
train,meningioma,image111.jpg,pituitary
train,meningioma,image112.jpg,pituitary
train,meningioma,image113.jpg,no_tumor
train,meningioma,image114.jpg,no_tumor
train,meningioma,image115.jpg,no_tumor
train,meningioma,image116.jpg,meningioma
train,meningioma,image117.jpg,no_tumor
train,meningioma,image118.jpg,no_tumor
train,meningioma,image119.jpg,no_tumor
train,meningioma,image120.jpg,no_tumor
train,meningioma,image121.jpg,pituitary
train,meningioma,image122.jpg,pituitary
train,meningioma,image123.jpg,pituitary
train,meningioma,image124.jpg,no_tumor
train,meningioma,image125.jpg,no_tumor
train,meningioma,image126.jpg,pituitary
train,meningioma,image127.jpg,pituitary
train,meningioma,image128.jpg,no_tumor
train,meningioma,image129.jpg,no_tumor
train,meningioma,image130.jpg,glioma
train,meningioma,image131.jpg,pituitary
train,meningioma,image132.jpg,no_tumor
train,meningioma,image133.jpg,pituitary
train,meningioma,image134.jpg,no_tumor
train,meningioma,image135.jpg,no_tumor
train,meningioma,image136.jpg,pituitary
train,meningioma,image137.jpg,no_tumor
train,meningioma,image138.jpg,no_tumor
train,meningioma,image139.jpg,no_tumor
train,meningioma,image140.jpg,no_tumor
train,meningioma,image141.jpg,no_tumor
train,meningioma,image142.jpg,no_tumor
train,meningioma,image143.jpg,no_tumor
train,meningioma,image144.jpg,no_tumor
train,meningioma,image145.jpg,glioma
train,meningioma,image146.jpg,no_tumor
train,meningioma,image147.jpg,pituitary
train,meningioma,image148.jpg,pituitary
train,meningioma,image149.jpg,glioma
train,meningioma,image150.jpg,no_tumor
train,meningioma,image151.jpg,pituitary
train,meningioma,image152.jpg,no_tumor
train,meningioma,image153.jpg,no_tumor
train,meningioma,image154.jpg,pituitary
train,meningioma,image155.jpg,no_tumor
train,meningioma,image156.jpg,pituitary
train,meningioma,image157.jpg,glioma
train,meningioma,image158.jpg,no_tumor
train,meningioma,image159.jpg,no_tumor
train,meningioma,image160.jpg,pituitary
train,meningioma,image161.jpg,pituitary
train,meningioma,image162.jpg,pituitary
train,meningioma,image163.jpg,no_tumor
train,meningioma,image164.jpg,pituitary
train,meningioma,image165.jpg,no_tumor
train,meningioma,image166.jpg,pituitary
train,meningioma,image167.jpg,pituitary
train,meningioma,image168.jpg,no_tumor
train,meningioma,image169.jpg,no_tumor
train,meningioma,image170.jpg,no_tumor
train,meningioma,image171.jpg,no_tumor
train,meningioma,image172.jpg,no_tumor
train,meningioma,image173.jpg,pituitary
train,meningioma,image174.jpg,no_tumor
train,meningioma,image175.jpg,glioma
train,meningioma,image176.jpg,glioma
train,meningioma,image177.jpg,glioma
train,meningioma,image178.jpg,no_tumor
train,meningioma,image179.jpg,glioma
train,meningioma,image180.jpg,glioma
train,meningioma,image181.jpg,meningioma
train,meningioma,image182.jpg,glioma
train,meningioma,image183.jpg,meningioma
train,meningioma,image184.jpg,pituitary
train,meningioma,image185.jpg,no_tumor
train,meningioma,image186.jpg,pituitary
train,meningioma,image187.jpg,pituitary
train,meningioma,image188.jpg,pituitary
train,meningioma,image189.jpg,pituitary
train,meningioma,image190.jpg,pituitary
train,meningioma,image191.jpg,pituitary
train,meningioma,image192.jpg,glioma
train,meningioma,image193.jpg,pituitary
train,meningioma,image194.jpg,glioma
train,meningioma,image195.jpg,glioma
train,meningioma,image196.jpg,glioma
train,meningioma,image197.jpg,glioma
train,meningioma,image198.jpg,glioma
train,meningioma,image199.jpg,glioma
train,meningioma,image200.jpg,glioma
train,meningioma,image201.jpg,glioma
train,meningioma,image202.jpg,meningioma
train,meningioma,image203.jpg,meningioma
train,meningioma,image204.jpg,glioma
train,meningioma,image205.jpg,glioma
train,meningioma,image206.jpg,glioma
train,meningioma,image207.jpg,glioma
train,meningioma,image208.jpg,meningioma
train,meningioma,image209.jpg,meningioma
train,meningioma,image210.jpg,no_tumor
train,meningioma,image211.jpg,glioma
train,meningioma,image212.jpg,glioma
train,meningioma,image213.jpg,glioma
train,meningioma,image214.jpg,glioma
train,meningioma,image215.jpg,glioma
train,meningioma,image216.jpg,glioma
train,meningioma,image217.jpg,no_tumor
train,meningioma,image218.jpg,no_tumor
train,meningioma,image219.jpg,no_tumor
train,meningioma,image220.jpg,glioma
train,meningioma,image221.jpg,pituitary
train,meningioma,image222.jpg,glioma
train,meningioma,image223.jpg,meningioma
train,meningioma,image224.jpg,glioma
train,meningioma,image225.jpg,glioma
train,meningioma,image226.jpg,glioma
train,meningioma,image227.jpg,glioma
train,meningioma,image228.jpg,meningioma
train,meningioma,image229.jpg,glioma
train,meningioma,image230.jpg,glioma
train,meningioma,image231.jpg,meningioma
train,meningioma,image232.jpg,meningioma
train,meningioma,image233.jpg,meningioma
train,meningioma,image234.jpg,meningioma
train,meningioma,image235.jpg,meningioma
train,meningioma,image236.jpg,glioma
train,meningioma,image237.jpg,meningioma
train,meningioma,image238.jpg,glioma
train,meningioma,image239.jpg,meningioma
train,meningioma,image240.jpg,glioma
train,meningioma,image241.jpg,glioma
train,meningioma,image242.jpg,glioma
train,meningioma,image243.jpg,glioma
train,meningioma,image244.jpg,glioma
train,meningioma,image245.jpg,glioma
train,meningioma,image246.jpg,pituitary
train,meningioma,image247.jpg,pituitary
train,meningioma,image248.jpg,pituitary
train,meningioma,image249.jpg,meningioma
train,meningioma,image250.jpg,pituitary
train,meningioma,image251.jpg,meningioma
train,meningioma,image252.jpg,meningioma
train,meningioma,image253.jpg,meningioma
train,meningioma,image254.jpg,pituitary
train,meningioma,image255.jpg,pituitary
train,meningioma,image256.jpg,meningioma
train,meningioma,image257.jpg,meningioma
train,meningioma,image258.jpg,glioma
train,meningioma,image259.jpg,meningioma
train,meningioma,image260.jpg,meningioma
train,meningioma,image261.jpg,meningioma
train,meningioma,image262.jpg,meningioma
train,meningioma,image263.jpg,meningioma
train,meningioma,image264.jpg,meningioma
train,meningioma,image265.jpg,meningioma
train,meningioma,image266.jpg,meningioma
train,meningioma,image267.jpg,meningioma
train,meningioma,image268.jpg,glioma
train,meningioma,image269.jpg,glioma
train,meningioma,image270.jpg,glioma
train,meningioma,image271.jpg,glioma
train,meningioma,image272.jpg,meningioma
train,meningioma,image273.jpg,meningioma
train,meningioma,image274.jpg,pituitary
train,meningioma,image275.jpg,glioma
train,meningioma,image276.jpg,pituitary
train,meningioma,image277.jpg,glioma
train,meningioma,image278.jpg,glioma
train,meningioma,image279.jpg,glioma
train,meningioma,image280.jpg,glioma
train,meningioma,image281.jpg,meningioma
train,meningioma,image282.jpg,glioma
train,meningioma,image283.jpg,glioma
train,meningioma,image284.jpg,meningioma
train,meningioma,image285.jpg,meningioma
train,meningioma,image286.jpg,meningioma
train,meningioma,image287.jpg,meningioma
train,meningioma,image288.jpg,meningioma
train,meningioma,image289.jpg,meningioma
train,meningioma,image290.jpg,meningioma
train,meningioma,image291.jpg,meningioma
train,meningioma,image292.jpg,meningioma
train,meningioma,image293.jpg,meningioma
train,meningioma,image294.jpg,meningioma
train,meningioma,image295.jpg,meningioma
train,meningioma,image296.jpg,glioma
train,meningioma,image297.jpg,glioma
train,meningioma,image298.jpg,pituitary
train,meningioma,image299.jpg,pituitary
train,meningioma,image300.jpg,pituitary
train,meningioma,image301.jpg,glioma
train,meningioma,image302.jpg,glioma
train,meningioma,image303.jpg,glioma
train,meningioma,image304.jpg,glioma
train,meningioma,image305.jpg,glioma
train,meningioma,image306.jpg,pituitary
train,meningioma,image307.jpg,meningioma
train,meningioma,image308.jpg,meningioma
train,meningioma,image309.jpg,glioma
train,meningioma,image310.jpg,pituitary
train,meningioma,image311.jpg,pituitary
train,meningioma,image312.jpg,pituitary
train,meningioma,image313.jpg,pituitary
train,meningioma,image314.jpg,pituitary
train,meningioma,image315.jpg,pituitary
train,meningioma,image316.jpg,meningioma
train,meningioma,image317.jpg,glioma
train,meningioma,image318.jpg,meningioma
train,meningioma,image319.jpg,pituitary
train,meningioma,image320.jpg,pituitary
train,meningioma,image321.jpg,pituitary
train,meningioma,image322.jpg,pituitary
train,meningioma,image323.jpg,glioma
train,meningioma,image324.jpg,pituitary
train,meningioma,image325.jpg,pituitary
train,meningioma,image326.jpg,pituitary
train,meningioma,image327.jpg,pituitary
train,meningioma,image328.jpg,pituitary
train,meningioma,image329.jpg,pituitary
train,meningioma,image330.jpg,pituitary
train,meningioma,image331.jpg,meningioma
train,meningioma,image332.jpg,glioma
train,meningioma,image333.jpg,meningioma
train,meningioma,image334.jpg,meningioma
train,meningioma,image335.jpg,glioma
train,meningioma,image336.jpg,meningioma
train,meningioma,image337.jpg,glioma
train,meningioma,image338.jpg,glioma
train,meningioma,image339.jpg,glioma
train,meningioma,image340.jpg,meningioma
train,meningioma,image341.jpg,pituitary
train,meningioma,image342.jpg,glioma
train,meningioma,image343.jpg,glioma
train,meningioma,image344.jpg,glioma
train,meningioma,image345.jpg,glioma
train,meningioma,image346.jpg,meningioma
train,meningioma,image347.jpg,meningioma
train,meningioma,image348.jpg,meningioma
train,meningioma,image349.jpg,pituitary
train,meningioma,image350.jpg,glioma
train,meningioma,image351.jpg,pituitary
train,meningioma,image352.jpg,pituitary
train,meningioma,image353.jpg,pituitary
train,meningioma,image354.jpg,pituitary
train,meningioma,image355.jpg,pituitary
train,meningioma,image356.jpg,pituitary
train,meningioma,image357.jpg,pituitary
train,meningioma,image358.jpg,pituitary
train,no_tumor,image001.jpg,glioma
train,no_tumor,image002.jpg,no_tumor
train,no_tumor,image003.jpg,no_tumor
train,no_tumor,image004.jpg,pituitary
train,no_tumor,image005.jpg,no_tumor
train,no_tumor,image006.jpg,pituitary
train,no_tumor,image007.jpg,no_tumor
train,no_tumor,image008.jpg,glioma
train,no_tumor,image009.jpg,glioma
train,no_tumor,image010.jpg,glioma
train,no_tumor,image011.jpg,no_tumor
train,no_tumor,image012.jpg,no_tumor
train,no_tumor,image013.jpg,no_tumor
train,no_tumor,image014.jpg,pituitary
train,no_tumor,image015.jpg,pituitary
train,no_tumor,image016.jpg,no_tumor
train,no_tumor,image017.jpg,glioma
train,no_tumor,image018.jpg,glioma
train,no_tumor,image019.jpg,no_tumor
train,no_tumor,image020.jpg,no_tumor
train,no_tumor,image021.jpg,glioma
train,no_tumor,image022.jpg,no_tumor
train,no_tumor,image023.jpg,no_tumor
train,no_tumor,image024.jpg,pituitary
train,no_tumor,image025.jpg,glioma
train,no_tumor,image026.jpg,pituitary
train,no_tumor,image027.jpg,pituitary
train,no_tumor,image028.jpg,glioma
train,no_tumor,image029.jpg,glioma
train,no_tumor,image030.jpg,no_tumor
train,no_tumor,image031.jpg,no_tumor
train,no_tumor,image032.jpg,no_tumor
train,no_tumor,image033.jpg,no_tumor
train,no_tumor,image034.jpg,pituitary
train,no_tumor,image035.jpg,glioma
train,no_tumor,image036.jpg,glioma
train,no_tumor,image037.jpg,glioma
train,no_tumor,image038.jpg,no_tumor
train,no_tumor,image039.jpg,no_tumor
train,no_tumor,image040.jpg,pituitary
train,no_tumor,image041.jpg,glioma
train,no_tumor,image042.jpg,no_tumor
train,no_tumor,image043.jpg,pituitary
train,no_tumor,image044.jpg,no_tumor
train,no_tumor,image045.jpg,pituitary
train,no_tumor,image046.jpg,pituitary
train,no_tumor,image047.jpg,pituitary
train,no_tumor,image048.jpg,no_tumor
train,no_tumor,image049.jpg,no_tumor
train,no_tumor,image050.jpg,no_tumor
train,no_tumor,image051.jpg,no_tumor
train,no_tumor,image052.jpg,pituitary
train,no_tumor,image053.jpg,no_tumor
train,no_tumor,image054.jpg,pituitary
train,no_tumor,image055.jpg,glioma
train,no_tumor,image056.jpg,pituitary
train,no_tumor,image057.jpg,no_tumor
train,no_tumor,image058.jpg,glioma
train,no_tumor,image059.jpg,no_tumor
train,no_tumor,image060.jpg,pituitary
train,no_tumor,image061.jpg,no_tumor
train,no_tumor,image062.jpg,no_tumor
train,no_tumor,image063.jpg,meningioma
train,no_tumor,image064.jpg,no_tumor
train,no_tumor,image065.jpg,glioma
train,no_tumor,image066.jpg,no_tumor
train,no_tumor,image067.jpg,no_tumor
train,no_tumor,image068.jpg,no_tumor
train,no_tumor,image069.jpg,no_tumor
train,no_tumor,image070.jpg,no_tumor
train,no_tumor,image071.jpg,no_tumor
train,no_tumor,image072.jpg,no_tumor
train,no_tumor,image073.jpg,pituitary
train,no_tumor,image074.jpg,no_tumor
train,no_tumor,image075.jpg,no_tumor
train,no_tumor,image076.jpg,pituitary
train,no_tumor,image077.jpg,pituitary
train,no_tumor,image078.jpg,no_tumor
train,no_tumor,image079.jpg,glioma
train,no_tumor,image080.jpg,no_tumor
train,no_tumor,image081.jpg,no_tumor
train,no_tumor,image082.jpg,no_tumor
train,no_tumor,image083.jpg,no_tumor
train,no_tumor,image084.jpg,no_tumor
train,no_tumor,image085.jpg,pituitary
train,no_tumor,image086.jpg,no_tumor
train,no_tumor,image087.jpg,no_tumor
train,no_tumor,image088.jpg,no_tumor
train,no_tumor,image089.jpg,no_tumor
train,no_tumor,image090.jpg,no_tumor
train,no_tumor,image091.jpg,no_tumor
train,no_tumor,image092.jpg,no_tumor
train,no_tumor,image093.jpg,no_tumor
train,no_tumor,image094.jpg,pituitary
train,no_tumor,image095.jpg,no_tumor
train,no_tumor,image096.jpg,glioma
train,no_tumor,image097.jpg,pituitary
train,no_tumor,image098.jpg,no_tumor
train,no_tumor,image099.jpg,pituitary
train,no_tumor,image100.jpg,pituitary
train,no_tumor,image101.jpg,meningioma
train,no_tumor,image102.jpg,meningioma
train,no_tumor,image103.jpg,no_tumor
train,no_tumor,image104.jpg,no_tumor
train,no_tumor,image105.jpg,no_tumor
train,no_tumor,image106.jpg,glioma
train,no_tumor,image107.jpg,glioma
train,no_tumor,image108.jpg,glioma
train,no_tumor,image109.jpg,pituitary
train,no_tumor,image110.jpg,no_tumor
train,no_tumor,image111.jpg,glioma
train,no_tumor,image112.jpg,glioma
train,no_tumor,image113.jpg,glioma
train,no_tumor,image114.jpg,glioma
train,no_tumor,image115.jpg,glioma
train,no_tumor,image116.jpg,pituitary
train,no_tumor,image117.jpg,glioma
train,no_tumor,image118.jpg,pituitary
train,no_tumor,image119.jpg,no_tumor
train,no_tumor,image120.jpg,no_tumor
train,no_tumor,image121.jpg,no_tumor
train,no_tumor,image122.jpg,pituitary
train,no_tumor,image123.jpg,no_tumor
train,no_tumor,image124.jpg,glioma
train,no_tumor,image125.jpg,no_tumor
train,no_tumor,image126.jpg,no_tumor
train,no_tumor,image127.jpg,no_tumor
train,no_tumor,image128.jpg,no_tumor
train,no_tumor,image129.jpg,pituitary
train,no_tumor,image130.jpg,glioma
train,no_tumor,image131.jpg,pituitary
train,no_tumor,image132.jpg,glioma
train,no_tumor,image133.jpg,no_tumor
train,no_tumor,image134.jpg,no_tumor
train,no_tumor,image135.jpg,no_tumor
train,no_tumor,image136.jpg,no_tumor
train,no_tumor,image137.jpg,pituitary
train,no_tumor,image138.jpg,pituitary
train,no_tumor,image139.jpg,meningioma
train,no_tumor,image140.jpg,glioma
train,no_tumor,image141.jpg,no_tumor
train,no_tumor,image142.jpg,no_tumor
train,no_tumor,image143.jpg,no_tumor
train,no_tumor,image144.jpg,no_tumor
train,no_tumor,image145.jpg,glioma
train,no_tumor,image146.jpg,no_tumor
train,no_tumor,image147.jpg,pituitary
train,no_tumor,image148.jpg,no_tumor
train,no_tumor,image149.jpg,no_tumor
train,no_tumor,image150.jpg,meningioma
train,no_tumor,image151.jpg,no_tumor
train,no_tumor,image152.jpg,pituitary
train,no_tumor,image153.jpg,glioma
train,no_tumor,image154.jpg,no_tumor
train,no_tumor,image155.jpg,pituitary
train,no_tumor,image156.jpg,no_tumor
train,no_tumor,image157.jpg,pituitary
train,no_tumor,image158.jpg,no_tumor
train,no_tumor,image159.jpg,pituitary
train,no_tumor,image160.jpg,no_tumor
train,no_tumor,image161.jpg,no_tumor
train,no_tumor,image162.jpg,glioma
train,no_tumor,image163.jpg,glioma
train,no_tumor,image164.jpg,no_tumor
train,no_tumor,image165.jpg,no_tumor
train,no_tumor,image166.jpg,no_tumor
train,no_tumor,image167.jpg,no_tumor
train,no_tumor,image168.jpg,no_tumor
train,no_tumor,image169.jpg,no_tumor
train,no_tumor,image170.jpg,no_tumor
train,no_tumor,image171.jpg,no_tumor
train,no_tumor,image172.jpg,no_tumor
train,no_tumor,image173.jpg,no_tumor
train,no_tumor,image174.jpg,no_tumor
train,no_tumor,image175.jpg,no_tumor
train,no_tumor,image176.jpg,no_tumor
train,no_tumor,image177.jpg,pituitary
train,no_tumor,image178.jpg,no_tumor
train,no_tumor,image179.jpg,glioma
train,no_tumor,image180.jpg,no_tumor
train,no_tumor,image181.jpg,no_tumor
train,no_tumor,image182.jpg,no_tumor
train,no_tumor,image183.jpg,no_tumor
train,no_tumor,image184.jpg,no_tumor
train,no_tumor,image185.jpg,no_tumor
train,no_tumor,image186.jpg,glioma
train,no_tumor,image187.jpg,no_tumor
train,no_tumor,image188.jpg,glioma
train,no_tumor,image189.jpg,glioma
train,no_tumor,image190.jpg,glioma
train,no_tumor,image191.jpg,glioma
train,no_tumor,image192.jpg,glioma
train,no_tumor,image193.jpg,no_tumor
train,no_tumor,image194.jpg,no_tumor
train,no_tumor,image195.jpg,no_tumor
train,no_tumor,image196.jpg,no_tumor
train,no_tumor,image197.jpg,no_tumor
train,no_tumor,image198.jpg,glioma
train,no_tumor,image199.jpg,no_tumor
train,no_tumor,image200.jpg,glioma
train,no_tumor,image201.jpg,no_tumor
train,no_tumor,image202.jpg,no_tumor
train,no_tumor,image203.jpg,no_tumor
train,no_tumor,image204.jpg,pituitary
train,no_tumor,image205.jpg,no_tumor
train,no_tumor,image206.jpg,no_tumor
train,no_tumor,image207.jpg,no_tumor
train,no_tumor,image208.jpg,pituitary
train,no_tumor,image209.jpg,no_tumor
train,no_tumor,image210.jpg,no_tumor
train,no_tumor,image211.jpg,no_tumor
train,no_tumor,image212.jpg,no_tumor
train,no_tumor,image213.jpg,meningioma
train,no_tumor,image214.jpg,pituitary
train,no_tumor,image215.jpg,pituitary
train,no_tumor,image216.jpg,pituitary
train,no_tumor,image217.jpg,pituitary
train,no_tumor,image218.jpg,pituitary
train,no_tumor,image219.jpg,no_tumor
train,no_tumor,image220.jpg,no_tumor
train,no_tumor,image221.jpg,no_tumor
train,no_tumor,image222.jpg,no_tumor
train,no_tumor,image223.jpg,no_tumor
train,no_tumor,image224.jpg,no_tumor
train,no_tumor,image225.jpg,no_tumor
train,no_tumor,image226.jpg,pituitary
train,no_tumor,image227.jpg,pituitary
train,no_tumor,image228.jpg,no_tumor
train,no_tumor,image229.jpg,no_tumor
train,no_tumor,image230.jpg,no_tumor
train,no_tumor,image231.jpg,no_tumor
train,no_tumor,image232.jpg,no_tumor
train,no_tumor,image233.jpg,glioma
train,no_tumor,image234.jpg,no_tumor
train,no_tumor,image235.jpg,no_tumor
train,no_tumor,image236.jpg,no_tumor
train,no_tumor,image237.jpg,pituitary
train,no_tumor,image238.jpg,no_tumor
train,no_tumor,image239.jpg,pituitary
train,no_tumor,image240.jpg,glioma
train,no_tumor,image241.jpg,glioma
train,no_tumor,image242.jpg,pituitary
train,no_tumor,image243.jpg,no_tumor
train,no_tumor,image244.jpg,no_tumor
train,no_tumor,image245.jpg,pituitary
train,no_tumor,image246.jpg,no_tumor
train,no_tumor,image247.jpg,no_tumor
train,no_tumor,image248.jpg,no_tumor
train,no_tumor,image249.jpg,glioma
train,no_tumor,image250.jpg,pituitary
train,no_tumor,image251.jpg,no_tumor
train,no_tumor,image252.jpg,no_tumor
train,no_tumor,image253.jpg,no_tumor
train,no_tumor,image254.jpg,glioma
train,no_tumor,image255.jpg,glioma
train,no_tumor,image256.jpg,no_tumor
train,no_tumor,image257.jpg,no_tumor
train,no_tumor,image258.jpg,no_tumor
train,no_tumor,image259.jpg,no_tumor
train,no_tumor,image260.jpg,no_tumor
train,no_tumor,image261.jpg,glioma
train,no_tumor,image262.jpg,no_tumor
train,no_tumor,image263.jpg,no_tumor
train,no_tumor,image264.jpg,no_tumor
train,no_tumor,image265.jpg,no_tumor
train,no_tumor,image266.jpg,no_tumor
train,no_tumor,image267.jpg,no_tumor
train,no_tumor,image268.jpg,no_tumor
train,no_tumor,image269.jpg,no_tumor
train,no_tumor,image270.jpg,no_tumor
train,no_tumor,image271.jpg,no_tumor
train,no_tumor,image272.jpg,no_tumor
train,no_tumor,image273.jpg,no_tumor
train,no_tumor,image274.jpg,no_tumor
train,no_tumor,image275.jpg,no_tumor
train,no_tumor,image276.jpg,no_tumor
train,no_tumor,image277.jpg,no_tumor
train,no_tumor,image278.jpg,no_tumor
train,no_tumor,image279.jpg,no_tumor
train,no_tumor,image280.jpg,no_tumor
train,no_tumor,image281.jpg,no_tumor
train,no_tumor,image282.jpg,no_tumor
train,no_tumor,image283.jpg,no_tumor
train,no_tumor,image284.jpg,no_tumor
train,no_tumor,image285.jpg,no_tumor
train,no_tumor,image286.jpg,no_tumor
train,no_tumor,image287.jpg,no_tumor
train,no_tumor,image288.jpg,no_tumor
train,no_tumor,image289.jpg,no_tumor
train,no_tumor,image290.jpg,no_tumor
train,no_tumor,image291.jpg,no_tumor
train,no_tumor,image292.jpg,no_tumor
train,no_tumor,image293.jpg,no_tumor
train,no_tumor,image294.jpg,no_tumor
train,no_tumor,image295.jpg,no_tumor
train,no_tumor,image296.jpg,no_tumor
train,no_tumor,image297.jpg,no_tumor
train,no_tumor,image298.jpg,no_tumor
train,no_tumor,image299.jpg,no_tumor
train,no_tumor,image300.jpg,no_tumor
train,no_tumor,image301.jpg,no_tumor
train,no_tumor,image302.jpg,no_tumor
train,no_tumor,image303.jpg,no_tumor
train,no_tumor,image304.jpg,no_tumor
train,no_tumor,image305.jpg,no_tumor
train,no_tumor,image306.jpg,no_tumor
train,no_tumor,image307.jpg,no_tumor
train,no_tumor,image308.jpg,no_tumor
train,no_tumor,image309.jpg,pituitary
train,no_tumor,image310.jpg,no_tumor
train,no_tumor,image311.jpg,no_tumor
train,no_tumor,image312.jpg,glioma
train,no_tumor,image313.jpg,no_tumor
train,no_tumor,image314.jpg,no_tumor
train,no_tumor,image315.jpg,no_tumor
train,no_tumor,image316.jpg,no_tumor
train,no_tumor,image317.jpg,pituitary
train,no_tumor,image318.jpg,no_tumor
train,no_tumor,image319.jpg,no_tumor
train,no_tumor,image320.jpg,glioma
train,no_tumor,image321.jpg,no_tumor
train,no_tumor,image322.jpg,pituitary
train,no_tumor,image323.jpg,no_tumor
train,no_tumor,image324.jpg,no_tumor
train,no_tumor,image325.jpg,pituitary
train,no_tumor,image326.jpg,no_tumor
train,no_tumor,image327.jpg,no_tumor
train,no_tumor,image328.jpg,no_tumor
train,no_tumor,image329.jpg,no_tumor
train,no_tumor,image330.jpg,pituitary
train,no_tumor,image331.jpg,no_tumor
train,no_tumor,image332.jpg,no_tumor
train,no_tumor,image333.jpg,no_tumor
train,no_tumor,image334.jpg,no_tumor
train,no_tumor,image335.jpg,no_tumor
train,pituitary,image001.jpg,pituitary
train,pituitary,image002.jpg,pituitary
train,pituitary,image003.jpg,pituitary
train,pituitary,image004.jpg,pituitary
train,pituitary,image005.jpg,pituitary
train,pituitary,image006.jpg,pituitary
train,pituitary,image007.jpg,pituitary
train,pituitary,image008.jpg,pituitary
train,pituitary,image009.jpg,pituitary
train,pituitary,image010.jpg,pituitary
train,pituitary,image011.jpg,pituitary
train,pituitary,image012.jpg,pituitary
train,pituitary,image013.jpg,pituitary
train,pituitary,image014.jpg,pituitary
train,pituitary,image015.jpg,pituitary
train,pituitary,image016.jpg,pituitary
train,pituitary,image017.jpg,no_tumor
train,pituitary,image018.jpg,pituitary
train,pituitary,image019.jpg,pituitary
train,pituitary,image020.jpg,no_tumor
train,pituitary,image021.jpg,pituitary
train,pituitary,image022.jpg,pituitary
train,pituitary,image023.jpg,pituitary
train,pituitary,image024.jpg,no_tumor
train,pituitary,image025.jpg,pituitary
train,pituitary,image026.jpg,pituitary
train,pituitary,image027.jpg,pituitary
train,pituitary,image028.jpg,pituitary
train,pituitary,image029.jpg,pituitary
train,pituitary,image030.jpg,pituitary
train,pituitary,image031.jpg,pituitary
train,pituitary,image032.jpg,pituitary
train,pituitary,image033.jpg,pituitary
train,pituitary,image034.jpg,pituitary
train,pituitary,image035.jpg,pituitary
train,pituitary,image036.jpg,pituitary
train,pituitary,image037.jpg,pituitary
train,pituitary,image038.jpg,pituitary
train,pituitary,image039.jpg,pituitary
train,pituitary,image040.jpg,pituitary
train,pituitary,image041.jpg,pituitary
train,pituitary,image042.jpg,pituitary
train,pituitary,image043.jpg,pituitary
train,pituitary,image044.jpg,pituitary
train,pituitary,image045.jpg,pituitary
train,pituitary,image046.jpg,pituitary
train,pituitary,image047.jpg,pituitary
train,pituitary,image048.jpg,pituitary
train,pituitary,image049.jpg,pituitary
train,pituitary,image050.jpg,pituitary
train,pituitary,image051.jpg,pituitary
train,pituitary,image052.jpg,pituitary
train,pituitary,image053.jpg,pituitary
train,pituitary,image054.jpg,pituitary
train,pituitary,image055.jpg,pituitary
train,pituitary,image056.jpg,pituitary
train,pituitary,image057.jpg,pituitary
train,pituitary,image058.jpg,pituitary
train,pituitary,image059.jpg,pituitary
train,pituitary,image060.jpg,pituitary
train,pituitary,image061.jpg,pituitary
train,pituitary,image062.jpg,pituitary
train,pituitary,image063.jpg,pituitary
train,pituitary,image064.jpg,pituitary
train,pituitary,image065.jpg,pituitary
train,pituitary,image066.jpg,pituitary
train,pituitary,image067.jpg,pituitary
train,pituitary,image068.jpg,pituitary
train,pituitary,image069.jpg,pituitary
train,pituitary,image070.jpg,pituitary
train,pituitary,image071.jpg,pituitary
train,pituitary,image072.jpg,pituitary
train,pituitary,image073.jpg,pituitary
train,pituitary,image074.jpg,pituitary
train,pituitary,image075.jpg,pituitary
train,pituitary,image076.jpg,pituitary
train,pituitary,image077.jpg,pituitary
train,pituitary,image078.jpg,pituitary
train,pituitary,image079.jpg,pituitary
train,pituitary,image080.jpg,pituitary
train,pituitary,image081.jpg,pituitary
train,pituitary,image082.jpg,pituitary
train,pituitary,image083.jpg,pituitary
train,pituitary,image084.jpg,pituitary
train,pituitary,image085.jpg,pituitary
train,pituitary,image086.jpg,pituitary
train,pituitary,image087.jpg,pituitary
train,pituitary,image088.jpg,pituitary
train,pituitary,image089.jpg,pituitary
train,pituitary,image090.jpg,pituitary
train,pituitary,image091.jpg,pituitary
train,pituitary,image092.jpg,pituitary
train,pituitary,image093.jpg,pituitary
train,pituitary,image094.jpg,pituitary
train,pituitary,image095.jpg,pituitary
train,pituitary,image096.jpg,glioma
train,pituitary,image097.jpg,pituitary
train,pituitary,image098.jpg,pituitary
train,pituitary,image099.jpg,pituitary
train,pituitary,image100.jpg,pituitary
train,pituitary,image101.jpg,pituitary
train,pituitary,image102.jpg,pituitary
train,pituitary,image103.jpg,pituitary
train,pituitary,image104.jpg,pituitary
train,pituitary,image105.jpg,pituitary
train,pituitary,image106.jpg,pituitary
train,pituitary,image107.jpg,pituitary
train,pituitary,image108.jpg,pituitary
train,pituitary,image109.jpg,pituitary
train,pituitary,image110.jpg,pituitary
train,pituitary,image111.jpg,pituitary
train,pituitary,image112.jpg,pituitary
train,pituitary,image113.jpg,pituitary
train,pituitary,image114.jpg,pituitary
train,pituitary,image115.jpg,pituitary
train,pituitary,image116.jpg,pituitary
train,pituitary,image117.jpg,pituitary
train,pituitary,image118.jpg,pituitary
train,pituitary,image119.jpg,pituitary
train,pituitary,image120.jpg,pituitary
train,pituitary,image121.jpg,pituitary
train,pituitary,image122.jpg,pituitary
train,pituitary,image123.jpg,pituitary
train,pituitary,image124.jpg,pituitary
train,pituitary,image125.jpg,pituitary
train,pituitary,image126.jpg,pituitary
train,pituitary,image127.jpg,pituitary
train,pituitary,image128.jpg,pituitary
train,pituitary,image129.jpg,pituitary
train,pituitary,image130.jpg,pituitary
train,pituitary,image131.jpg,pituitary
train,pituitary,image132.jpg,pituitary
train,pituitary,image133.jpg,pituitary
train,pituitary,image134.jpg,pituitary
train,pituitary,image135.jpg,pituitary
train,pituitary,image136.jpg,pituitary
train,pituitary,image137.jpg,pituitary
train,pituitary,image138.jpg,pituitary
train,pituitary,image139.jpg,pituitary
train,pituitary,image140.jpg,pituitary
train,pituitary,image141.jpg,pituitary
train,pituitary,image142.jpg,pituitary
train,pituitary,image143.jpg,pituitary
train,pituitary,image144.jpg,pituitary
train,pituitary,image145.jpg,pituitary
train,pituitary,image146.jpg,pituitary
train,pituitary,image147.jpg,pituitary
train,pituitary,image148.jpg,pituitary
train,pituitary,image149.jpg,pituitary
train,pituitary,image150.jpg,pituitary
train,pituitary,image151.jpg,pituitary
train,pituitary,image152.jpg,pituitary
train,pituitary,image153.jpg,pituitary
train,pituitary,image154.jpg,pituitary
train,pituitary,image155.jpg,pituitary
train,pituitary,image156.jpg,pituitary
train,pituitary,image157.jpg,pituitary
train,pituitary,image158.jpg,pituitary
train,pituitary,image159.jpg,pituitary
train,pituitary,image160.jpg,pituitary
train,pituitary,image161.jpg,pituitary
train,pituitary,image162.jpg,pituitary
train,pituitary,image163.jpg,pituitary
train,pituitary,image164.jpg,pituitary
train,pituitary,image165.jpg,pituitary
train,pituitary,image166.jpg,pituitary
train,pituitary,image167.jpg,pituitary
train,pituitary,image168.jpg,pituitary
train,pituitary,image169.jpg,pituitary
train,pituitary,image170.jpg,pituitary
train,pituitary,image171.jpg,pituitary
train,pituitary,image172.jpg,pituitary
train,pituitary,image173.jpg,pituitary
train,pituitary,image174.jpg,pituitary
train,pituitary,image175.jpg,pituitary
train,pituitary,image176.jpg,pituitary
train,pituitary,image177.jpg,pituitary
train,pituitary,image178.jpg,pituitary
train,pituitary,image179.jpg,pituitary
train,pituitary,image180.jpg,pituitary
train,pituitary,image181.jpg,pituitary
train,pituitary,image182.jpg,pituitary
train,pituitary,image183.jpg,pituitary
train,pituitary,image184.jpg,pituitary
train,pituitary,image185.jpg,pituitary
train,pituitary,image186.jpg,pituitary
train,pituitary,image187.jpg,pituitary
train,pituitary,image188.jpg,pituitary
train,pituitary,image189.jpg,pituitary
train,pituitary,image190.jpg,pituitary
train,pituitary,image191.jpg,pituitary
train,pituitary,image192.jpg,pituitary
train,pituitary,image193.jpg,pituitary
train,pituitary,image194.jpg,pituitary
train,pituitary,image195.jpg,pituitary
train,pituitary,image196.jpg,pituitary
train,pituitary,image197.jpg,pituitary
train,pituitary,image198.jpg,pituitary
train,pituitary,image199.jpg,pituitary
train,pituitary,image200.jpg,pituitary
train,pituitary,image201.jpg,pituitary
train,pituitary,image202.jpg,pituitary
train,pituitary,image203.jpg,pituitary
train,pituitary,image204.jpg,pituitary
train,pituitary,image205.jpg,pituitary
train,pituitary,image206.jpg,pituitary
train,pituitary,image207.jpg,pituitary
train,pituitary,image208.jpg,pituitary
train,pituitary,image209.jpg,pituitary
train,pituitary,image210.jpg,pituitary
train,pituitary,image211.jpg,pituitary
train,pituitary,image212.jpg,pituitary
train,pituitary,image213.jpg,pituitary
train,pituitary,image214.jpg,pituitary
train,pituitary,image215.jpg,pituitary
train,pituitary,image216.jpg,pituitary
train,pituitary,image217.jpg,pituitary
train,pituitary,image218.jpg,pituitary
train,pituitary,image219.jpg,pituitary
train,pituitary,image220.jpg,pituitary
train,pituitary,image221.jpg,pituitary
train,pituitary,image222.jpg,pituitary
train,pituitary,image223.jpg,pituitary
train,pituitary,image224.jpg,pituitary
train,pituitary,image225.jpg,pituitary
train,pituitary,image226.jpg,pituitary
train,pituitary,image227.jpg,pituitary
train,pituitary,image228.jpg,pituitary
train,pituitary,image229.jpg,pituitary
train,pituitary,image230.jpg,pituitary
train,pituitary,image231.jpg,pituitary
train,pituitary,image232.jpg,pituitary
train,pituitary,image233.jpg,pituitary
train,pituitary,image234.jpg,pituitary
train,pituitary,image235.jpg,pituitary
train,pituitary,image236.jpg,pituitary
train,pituitary,image237.jpg,pituitary
train,pituitary,image238.jpg,pituitary
train,pituitary,image239.jpg,pituitary
train,pituitary,image240.jpg,pituitary
train,pituitary,image241.jpg,pituitary
train,pituitary,image242.jpg,pituitary
train,pituitary,image243.jpg,pituitary
train,pituitary,image244.jpg,pituitary
train,pituitary,image245.jpg,pituitary
train,pituitary,image246.jpg,pituitary
train,pituitary,image247.jpg,pituitary
train,pituitary,image248.jpg,pituitary
train,pituitary,image249.jpg,pituitary
train,pituitary,image250.jpg,pituitary
train,pituitary,image251.jpg,pituitary
train,pituitary,image252.jpg,pituitary
train,pituitary,image253.jpg,pituitary
train,pituitary,image254.jpg,pituitary
train,pituitary,image255.jpg,pituitary
train,pituitary,image256.jpg,pituitary
train,pituitary,image257.jpg,pituitary
train,pituitary,image258.jpg,pituitary
train,pituitary,image259.jpg,pituitary
train,pituitary,image260.jpg,pituitary
train,pituitary,image261.jpg,pituitary
train,pituitary,image262.jpg,pituitary
train,pituitary,image263.jpg,pituitary
train,pituitary,image264.jpg,pituitary
train,pituitary,image265.jpg,pituitary
train,pituitary,image266.jpg,pituitary
train,pituitary,image267.jpg,pituitary
train,pituitary,image268.jpg,pituitary
train,pituitary,image269.jpg,pituitary
train,pituitary,image270.jpg,pituitary
train,pituitary,image271.jpg,pituitary
train,pituitary,image272.jpg,pituitary
train,pituitary,image273.jpg,pituitary
train,pituitary,image274.jpg,pituitary
train,pituitary,image275.jpg,pituitary
train,pituitary,image276.jpg,pituitary
train,pituitary,image277.jpg,pituitary
train,pituitary,image278.jpg,pituitary
train,pituitary,image279.jpg,pituitary
train,pituitary,image280.jpg,pituitary
train,pituitary,image281.jpg,pituitary
train,pituitary,image282.jpg,pituitary
train,pituitary,image283.jpg,pituitary
train,pituitary,image284.jpg,pituitary
train,pituitary,image285.jpg,pituitary
train,pituitary,image286.jpg,pituitary
train,pituitary,image287.jpg,pituitary
train,pituitary,image288.jpg,pituitary
train,pituitary,image289.jpg,pituitary
train,pituitary,image290.jpg,pituitary
train,pituitary,image291.jpg,pituitary
train,pituitary,image292.jpg,pituitary
train,pituitary,image293.jpg,pituitary
train,pituitary,image294.jpg,pituitary
train,pituitary,image295.jpg,pituitary
train,pituitary,image296.jpg,pituitary
train,pituitary,image297.jpg,pituitary
train,pituitary,image298.jpg,pituitary
train,pituitary,image299.jpg,pituitary
train,pituitary,image300.jpg,pituitary
train,pituitary,image301.jpg,pituitary
train,pituitary,image302.jpg,pituitary
train,pituitary,image303.jpg,pituitary
train,pituitary,image304.jpg,pituitary
train,pituitary,image305.jpg,pituitary
train,pituitary,image306.jpg,pituitary
train,pituitary,image307.jpg,pituitary
train,pituitary,image308.jpg,pituitary
train,pituitary,image309.jpg,glioma
train,pituitary,image310.jpg,pituitary
train,pituitary,image311.jpg,pituitary
train,pituitary,image312.jpg,pituitary
train,pituitary,image313.jpg,pituitary
train,pituitary,image314.jpg,pituitary
train,pituitary,image315.jpg,glioma
train,pituitary,image316.jpg,glioma
train,pituitary,image317.jpg,pituitary
train,pituitary,image318.jpg,pituitary
train,pituitary,image319.jpg,meningioma
train,pituitary,image320.jpg,meningioma
train,pituitary,image321.jpg,glioma
train,pituitary,image322.jpg,pituitary
train,pituitary,image323.jpg,pituitary
train,pituitary,image324.jpg,pituitary
train,pituitary,image325.jpg,pituitary
train,pituitary,image326.jpg,pituitary
train,pituitary,image327.jpg,pituitary
train,pituitary,image328.jpg,pituitary
train,pituitary,image329.jpg,pituitary
train,pituitary,image330.jpg,pituitary
train,pituitary,image331.jpg,pituitary
train,pituitary,image332.jpg,pituitary
train,pituitary,image333.jpg,glioma
train,pituitary,image334.jpg,pituitary
train,pituitary,image335.jpg,meningioma
train,pituitary,image336.jpg,pituitary
train,pituitary,image337.jpg,pituitary
train,pituitary,image338.jpg,pituitary
train,pituitary,image339.jpg,pituitary
train,pituitary,image340.jpg,pituitary
train,pituitary,image341.jpg,pituitary
train,pituitary,image342.jpg,pituitary
train,pituitary,image343.jpg,pituitary
train,pituitary,image344.jpg,pituitary
train,pituitary,image345.jpg,pituitary
train,pituitary,image346.jpg,pituitary
train,pituitary,image347.jpg,pituitary
train,pituitary,image348.jpg,pituitary
train,pituitary,image349.jpg,pituitary
train,pituitary,image350.jpg,pituitary
train,pituitary,image351.jpg,pituitary
train,pituitary,image352.jpg,pituitary
train,pituitary,image353.jpg,pituitary
train,pituitary,image354.jpg,pituitary
train,pituitary,image355.jpg,pituitary
train,pituitary,image356.jpg,glioma
train,pituitary,image357.jpg,glioma
train,pituitary,image358.jpg,pituitary
train,pituitary,image359.jpg,pituitary
train,pituitary,image360.jpg,pituitary
train,pituitary,image361.jpg,glioma
train,pituitary,image362.jpg,pituitary
train,pituitary,image363.jpg,pituitary
train,pituitary,image364.jpg,pituitary
train,pituitary,image365.jpg,pituitary
train,pituitary,image366.jpg,pituitary
train,pituitary,image367.jpg,pituitary
train,pituitary,image368.jpg,pituitary
train,pituitary,image369.jpg,meningioma
train,pituitary,image370.jpg,meningioma
train,pituitary,image371.jpg,pituitary
train,pituitary,image372.jpg,pituitary
train,pituitary,image373.jpg,glioma
train,pituitary,image374.jpg,pituitary
train,pituitary,image375.jpg,pituitary
train,pituitary,image376.jpg,pituitary
train,pituitary,image377.jpg,pituitary
train,pituitary,image378.jpg,pituitary
train,pituitary,image379.jpg,pituitary
train,pituitary,image380.jpg,pituitary
train,pituitary,image381.jpg,pituitary
train,pituitary,image382.jpg,pituitary
train,pituitary,image383.jpg,pituitary
train,pituitary,image384.jpg,pituitary
train,pituitary,image385.jpg,pituitary
train,pituitary,image386.jpg,pituitary
train,pituitary,image387.jpg,pituitary
train,pituitary,image388.jpg,pituitary
train,pituitary,image389.jpg,pituitary
train,pituitary,image390.jpg,pituitary
train,pituitary,image391.jpg,pituitary
train,pituitary,image392.jpg,pituitary
train,pituitary,image393.jpg,pituitary
train,pituitary,image394.jpg,pituitary
train,pituitary,image395.jpg,pituitary
train,pituitary,image396.jpg,pituitary
train,pituitary,image397.jpg,pituitary
train,pituitary,image398.jpg,pituitary
train,pituitary,image399.jpg,pituitary
train,pituitary,image400.jpg,pituitary
train,pituitary,image401.jpg,glioma
train,pituitary,image402.jpg,meningioma
train,pituitary,image403.jpg,pituitary
train,pituitary,image404.jpg,pituitary
train,pituitary,image405.jpg,pituitary
train,pituitary,image406.jpg,pituitary
train,pituitary,image407.jpg,glioma
train,pituitary,image408.jpg,pituitary
train,pituitary,image409.jpg,pituitary
train,pituitary,image410.jpg,glioma
train,pituitary,image411.jpg,pituitary
train,pituitary,image412.jpg,glioma
train,pituitary,image413.jpg,glioma
train,pituitary,image414.jpg,pituitary
train,pituitary,image415.jpg,pituitary
train,pituitary,image416.jpg,pituitary
train,pituitary,image417.jpg,pituitary
train,pituitary,image418.jpg,pituitary
train,pituitary,image419.jpg,pituitary
train,pituitary,image420.jpg,pituitary
train,pituitary,image421.jpg,pituitary
train,pituitary,image422.jpg,pituitary
train,pituitary,image423.jpg,pituitary
train,pituitary,image424.jpg,pituitary
train,pituitary,image425.jpg,pituitary
train,pituitary,image426.jpg,pituitary
train,pituitary,image427.jpg,pituitary
train,pituitary,image428.jpg,pituitary
train,pituitary,image429.jpg,pituitary
train,pituitary,image430.jpg,pituitary
train,pituitary,image431.jpg,pituitary
train,pituitary,image432.jpg,pituitary
train,pituitary,image433.jpg,pituitary
train,pituitary,image434.jpg,pituitary
train,pituitary,image435.jpg,pituitary
train,pituitary,image436.jpg,pituitary
train,pituitary,image437.jpg,pituitary
train,pituitary,image438.jpg,pituitary
valid,glioma,image001.jpg,glioma
valid,glioma,image002.jpg,pituitary
valid,glioma,image003.jpg,pituitary
valid,glioma,image004.jpg,glioma
valid,glioma,image005.jpg,pituitary
valid,glioma,image006.jpg,pituitary
valid,glioma,image007.jpg,glioma
valid,glioma,image008.jpg,glioma
valid,glioma,image009.jpg,glioma
valid,glioma,image010.jpg,glioma
valid,glioma,image011.jpg,glioma
valid,glioma,image012.jpg,glioma
valid,glioma,image013.jpg,meningioma
valid,glioma,image014.jpg,glioma
valid,glioma,image015.jpg,glioma
valid,glioma,image016.jpg,glioma
valid,glioma,image017.jpg,glioma
valid,glioma,image018.jpg,glioma
valid,glioma,image019.jpg,glioma
valid,glioma,image020.jpg,glioma
valid,glioma,image021.jpg,glioma
valid,glioma,image022.jpg,glioma
valid,glioma,image023.jpg,glioma
valid,glioma,image024.jpg,glioma
valid,glioma,image025.jpg,glioma
valid,glioma,image026.jpg,meningioma
valid,glioma,image027.jpg,glioma
valid,glioma,image028.jpg,glioma
valid,glioma,image029.jpg,glioma
valid,glioma,image030.jpg,glioma
valid,glioma,image031.jpg,glioma
valid,glioma,image032.jpg,glioma
valid,glioma,image033.jpg,glioma
valid,glioma,image034.jpg,glioma
valid,glioma,image035.jpg,glioma
valid,glioma,image036.jpg,glioma
valid,glioma,image037.jpg,glioma
valid,glioma,image038.jpg,glioma
valid,glioma,image039.jpg,pituitary
valid,glioma,image040.jpg,glioma
valid,glioma,image041.jpg,pituitary
valid,glioma,image042.jpg,glioma
valid,glioma,image043.jpg,glioma
valid,glioma,image044.jpg,glioma
valid,glioma,image045.jpg,glioma
valid,glioma,image046.jpg,glioma
valid,glioma,image047.jpg,glioma
valid,glioma,image048.jpg,glioma
valid,glioma,image049.jpg,glioma
valid,glioma,image050.jpg,glioma
valid,glioma,image051.jpg,glioma
valid,glioma,image052.jpg,glioma
valid,glioma,image053.jpg,glioma
valid,glioma,image054.jpg,glioma
valid,glioma,image055.jpg,glioma
valid,glioma,image056.jpg,glioma
valid,glioma,image057.jpg,glioma
valid,glioma,image058.jpg,glioma
valid,glioma,image059.jpg,glioma
valid,glioma,image060.jpg,glioma
valid,glioma,image061.jpg,glioma
valid,glioma,image062.jpg,glioma
valid,glioma,image063.jpg,glioma
valid,glioma,image064.jpg,glioma
valid,glioma,image065.jpg,glioma
valid,glioma,image066.jpg,glioma
valid,glioma,image067.jpg,glioma
valid,glioma,image068.jpg,glioma
valid,glioma,image069.jpg,glioma
valid,glioma,image070.jpg,glioma
valid,glioma,image071.jpg,glioma
valid,glioma,image072.jpg,glioma
valid,glioma,image073.jpg,glioma
valid,glioma,image074.jpg,glioma
valid,glioma,image075.jpg,glioma
valid,glioma,image076.jpg,glioma
valid,glioma,image077.jpg,glioma
valid,glioma,image078.jpg,glioma
valid,glioma,image079.jpg,glioma
valid,glioma,image080.jpg,glioma
valid,glioma,image081.jpg,glioma
valid,glioma,image082.jpg,glioma
valid,glioma,image083.jpg,glioma
valid,glioma,image084.jpg,glioma
valid,glioma,image085.jpg,glioma
valid,glioma,image086.jpg,glioma
valid,glioma,image087.jpg,glioma
valid,glioma,image088.jpg,glioma
valid,glioma,image089.jpg,glioma
valid,glioma,image090.jpg,glioma
valid,glioma,image091.jpg,glioma
valid,glioma,image092.jpg,glioma
valid,glioma,image093.jpg,glioma
valid,glioma,image094.jpg,glioma
valid,glioma,image095.jpg,glioma
valid,glioma,image096.jpg,glioma
valid,glioma,image097.jpg,glioma
valid,glioma,image098.jpg,glioma
valid,glioma,image099.jpg,glioma
valid,glioma,image100.jpg,glioma
valid,glioma,image101.jpg,glioma
valid,glioma,image102.jpg,glioma
valid,glioma,image103.jpg,glioma
valid,glioma,image104.jpg,glioma
valid,glioma,image105.jpg,glioma
valid,glioma,image106.jpg,glioma
valid,glioma,image107.jpg,glioma
valid,glioma,image108.jpg,glioma
valid,glioma,image109.jpg,glioma
valid,glioma,image110.jpg,glioma
valid,glioma,image111.jpg,glioma
valid,glioma,image112.jpg,glioma
valid,glioma,image113.jpg,glioma
valid,glioma,image114.jpg,glioma
valid,glioma,image115.jpg,glioma
valid,glioma,image116.jpg,glioma
valid,glioma,image117.jpg,glioma
valid,glioma,image118.jpg,glioma
valid,glioma,image119.jpg,glioma
valid,glioma,image120.jpg,glioma
valid,glioma,image121.jpg,glioma
valid,glioma,image122.jpg,glioma
valid,glioma,image123.jpg,glioma
valid,glioma,image124.jpg,glioma
valid,glioma,image125.jpg,glioma
valid,glioma,image126.jpg,glioma
valid,glioma,image127.jpg,glioma
valid,glioma,image128.jpg,glioma
valid,glioma,image129.jpg,glioma
valid,glioma,image130.jpg,glioma
valid,glioma,image131.jpg,glioma
valid,glioma,image132.jpg,glioma
valid,glioma,image133.jpg,glioma
valid,glioma,image134.jpg,glioma
valid,glioma,image135.jpg,glioma
valid,glioma,image136.jpg,glioma
valid,glioma,image137.jpg,glioma
valid,glioma,image138.jpg,glioma
valid,glioma,image139.jpg,glioma
valid,glioma,image140.jpg,pituitary
valid,glioma,image141.jpg,pituitary
valid,glioma,image142.jpg,pituitary
valid,glioma,image143.jpg,glioma
valid,glioma,image144.jpg,glioma
valid,glioma,image145.jpg,glioma
valid,glioma,image146.jpg,glioma
valid,glioma,image147.jpg,pituitary
valid,glioma,image148.jpg,glioma
valid,glioma,image149.jpg,glioma
valid,glioma,image150.jpg,glioma
valid,glioma,image151.jpg,glioma
valid,glioma,image152.jpg,glioma
valid,glioma,image153.jpg,glioma
valid,glioma,image154.jpg,glioma
valid,glioma,image155.jpg,glioma
valid,glioma,image156.jpg,glioma
valid,glioma,image157.jpg,glioma
valid,glioma,image158.jpg,glioma
valid,glioma,image159.jpg,glioma
valid,glioma,image160.jpg,glioma
valid,glioma,image161.jpg,glioma
valid,meningioma,image001.jpg,meningioma
valid,meningioma,image002.jpg,glioma
valid,meningioma,image003.jpg,glioma
valid,meningioma,image004.jpg,meningioma
valid,meningioma,image005.jpg,glioma
valid,meningioma,image006.jpg,meningioma
valid,meningioma,image007.jpg,glioma
valid,meningioma,image008.jpg,pituitary
valid,meningioma,image009.jpg,glioma
valid,meningioma,image010.jpg,pituitary
valid,meningioma,image011.jpg,glioma
valid,meningioma,image012.jpg,glioma
valid,meningioma,image013.jpg,glioma
valid,meningioma,image014.jpg,glioma
valid,meningioma,image015.jpg,glioma
valid,meningioma,image016.jpg,glioma
valid,meningioma,image017.jpg,meningioma
valid,meningioma,image018.jpg,glioma
valid,meningioma,image019.jpg,glioma
valid,meningioma,image020.jpg,glioma
valid,meningioma,image021.jpg,meningioma
valid,meningioma,image022.jpg,glioma
valid,meningioma,image023.jpg,glioma
valid,meningioma,image024.jpg,pituitary
valid,meningioma,image025.jpg,pituitary
valid,meningioma,image026.jpg,pituitary
valid,meningioma,image027.jpg,pituitary
valid,meningioma,image028.jpg,pituitary
valid,meningioma,image029.jpg,glioma
valid,meningioma,image030.jpg,pituitary
valid,meningioma,image031.jpg,pituitary
valid,meningioma,image032.jpg,glioma
valid,meningioma,image033.jpg,glioma
valid,meningioma,image034.jpg,meningioma
valid,meningioma,image035.jpg,pituitary
valid,meningioma,image036.jpg,glioma
valid,meningioma,image037.jpg,glioma
valid,meningioma,image038.jpg,pituitary
valid,meningioma,image039.jpg,glioma
valid,meningioma,image040.jpg,glioma
valid,meningioma,image041.jpg,pituitary
valid,meningioma,image042.jpg,pituitary
valid,meningioma,image043.jpg,no_tumor
valid,meningioma,image044.jpg,no_tumor
valid,meningioma,image045.jpg,no_tumor
valid,meningioma,image046.jpg,no_tumor
valid,meningioma,image047.jpg,no_tumor
valid,meningioma,image048.jpg,pituitary
valid,meningioma,image049.jpg,glioma
valid,meningioma,image050.jpg,pituitary
valid,meningioma,image051.jpg,no_tumor
valid,meningioma,image052.jpg,pituitary
valid,meningioma,image053.jpg,pituitary
valid,meningioma,image054.jpg,glioma
valid,meningioma,image055.jpg,pituitary
valid,meningioma,image056.jpg,no_tumor
valid,meningioma,image057.jpg,pituitary
valid,meningioma,image058.jpg,glioma
valid,meningioma,image059.jpg,pituitary
valid,meningioma,image060.jpg,no_tumor
valid,meningioma,image061.jpg,meningioma
valid,meningioma,image062.jpg,no_tumor
valid,meningioma,image063.jpg,meningioma
valid,meningioma,image064.jpg,glioma
valid,meningioma,image065.jpg,glioma
valid,meningioma,image066.jpg,glioma
valid,meningioma,image067.jpg,meningioma
valid,meningioma,image068.jpg,glioma
valid,meningioma,image069.jpg,meningioma
valid,meningioma,image070.jpg,pituitary
valid,meningioma,image071.jpg,pituitary
valid,meningioma,image072.jpg,no_tumor
valid,meningioma,image073.jpg,pituitary
valid,meningioma,image074.jpg,glioma
valid,meningioma,image075.jpg,glioma
valid,meningioma,image076.jpg,glioma
valid,meningioma,image077.jpg,glioma
valid,meningioma,image078.jpg,glioma
valid,meningioma,image079.jpg,no_tumor
valid,meningioma,image080.jpg,glioma
valid,meningioma,image081.jpg,glioma
valid,meningioma,image082.jpg,glioma
valid,meningioma,image083.jpg,glioma
valid,meningioma,image084.jpg,glioma
valid,meningioma,image085.jpg,glioma
valid,meningioma,image086.jpg,glioma
valid,meningioma,image087.jpg,no_tumor
valid,meningioma,image088.jpg,glioma
valid,meningioma,image089.jpg,pituitary
valid,meningioma,image090.jpg,meningioma
valid,meningioma,image091.jpg,meningioma
valid,meningioma,image092.jpg,glioma
valid,meningioma,image093.jpg,glioma
valid,meningioma,image094.jpg,glioma
valid,meningioma,image095.jpg,meningioma
valid,meningioma,image096.jpg,meningioma
valid,meningioma,image097.jpg,glioma
valid,meningioma,image098.jpg,meningioma
valid,meningioma,image099.jpg,meningioma
valid,meningioma,image100.jpg,glioma
valid,meningioma,image101.jpg,meningioma
valid,meningioma,image102.jpg,pituitary
valid,meningioma,image103.jpg,meningioma
valid,meningioma,image104.jpg,pituitary
valid,meningioma,image105.jpg,meningioma
valid,meningioma,image106.jpg,pituitary
valid,meningioma,image107.jpg,meningioma
valid,meningioma,image108.jpg,meningioma
valid,meningioma,image109.jpg,meningioma
valid,meningioma,image110.jpg,pituitary
valid,meningioma,image111.jpg,pituitary
valid,meningioma,image112.jpg,pituitary
valid,meningioma,image113.jpg,pituitary
valid,meningioma,image114.jpg,glioma
valid,meningioma,image115.jpg,pituitary
valid,meningioma,image116.jpg,meningioma
valid,meningioma,image117.jpg,meningioma
valid,meningioma,image118.jpg,glioma
valid,meningioma,image119.jpg,glioma
valid,meningioma,image120.jpg,pituitary
valid,meningioma,image121.jpg,pituitary
valid,meningioma,image122.jpg,pituitary
valid,meningioma,image123.jpg,pituitary
valid,meningioma,image124.jpg,pituitary
valid,no_tumor,image001.jpg,no_tumor
valid,no_tumor,image002.jpg,glioma
valid,no_tumor,image003.jpg,no_tumor
valid,no_tumor,image004.jpg,glioma
valid,no_tumor,image005.jpg,no_tumor
valid,no_tumor,image006.jpg,no_tumor
valid,no_tumor,image007.jpg,glioma
valid,no_tumor,image008.jpg,no_tumor
valid,no_tumor,image009.jpg,pituitary
valid,no_tumor,image010.jpg,no_tumor
valid,no_tumor,image011.jpg,no_tumor
valid,no_tumor,image012.jpg,pituitary
valid,no_tumor,image013.jpg,no_tumor
valid,no_tumor,image014.jpg,pituitary
valid,no_tumor,image015.jpg,pituitary
valid,no_tumor,image016.jpg,no_tumor
valid,no_tumor,image017.jpg,no_tumor
valid,no_tumor,image018.jpg,no_tumor
valid,no_tumor,image019.jpg,pituitary
valid,no_tumor,image020.jpg,glioma
valid,no_tumor,image021.jpg,no_tumor
valid,no_tumor,image022.jpg,no_tumor
valid,no_tumor,image023.jpg,no_tumor
valid,no_tumor,image024.jpg,no_tumor
valid,no_tumor,image025.jpg,no_tumor
valid,no_tumor,image026.jpg,no_tumor
valid,no_tumor,image027.jpg,no_tumor
valid,no_tumor,image028.jpg,no_tumor
valid,no_tumor,image029.jpg,pituitary
valid,no_tumor,image030.jpg,no_tumor
valid,no_tumor,image031.jpg,no_tumor
valid,no_tumor,image032.jpg,no_tumor
valid,no_tumor,image033.jpg,pituitary
valid,no_tumor,image034.jpg,no_tumor
valid,no_tumor,image035.jpg,no_tumor
valid,no_tumor,image036.jpg,pituitary
valid,no_tumor,image037.jpg,pituitary
valid,no_tumor,image038.jpg,no_tumor
valid,no_tumor,image039.jpg,no_tumor
valid,no_tumor,image040.jpg,no_tumor
valid,no_tumor,image041.jpg,no_tumor
valid,no_tumor,image042.jpg,glioma
valid,no_tumor,image043.jpg,no_tumor
valid,no_tumor,image044.jpg,no_tumor
valid,no_tumor,image045.jpg,no_tumor
valid,no_tumor,image046.jpg,glioma
valid,no_tumor,image047.jpg,pituitary
valid,no_tumor,image048.jpg,no_tumor
valid,no_tumor,image049.jpg,no_tumor
valid,no_tumor,image050.jpg,no_tumor
valid,no_tumor,image051.jpg,no_tumor
valid,no_tumor,image052.jpg,no_tumor
valid,no_tumor,image053.jpg,pituitary
valid,no_tumor,image054.jpg,no_tumor
valid,no_tumor,image055.jpg,pituitary
valid,no_tumor,image056.jpg,pituitary
valid,no_tumor,image057.jpg,no_tumor
valid,no_tumor,image058.jpg,no_tumor
valid,no_tumor,image059.jpg,glioma
valid,no_tumor,image060.jpg,pituitary
valid,no_tumor,image061.jpg,pituitary
valid,no_tumor,image062.jpg,no_tumor
valid,no_tumor,image063.jpg,pituitary
valid,no_tumor,image064.jpg,no_tumor
valid,no_tumor,image065.jpg,no_tumor
valid,no_tumor,image066.jpg,pituitary
valid,no_tumor,image067.jpg,glioma
valid,no_tumor,image068.jpg,glioma
valid,no_tumor,image069.jpg,no_tumor
valid,no_tumor,image070.jpg,no_tumor
valid,no_tumor,image071.jpg,no_tumor
valid,no_tumor,image072.jpg,no_tumor
valid,no_tumor,image073.jpg,glioma
valid,no_tumor,image074.jpg,no_tumor
valid,no_tumor,image075.jpg,no_tumor
valid,no_tumor,image076.jpg,pituitary
valid,no_tumor,image077.jpg,no_tumor
valid,no_tumor,image078.jpg,no_tumor
valid,no_tumor,image079.jpg,no_tumor
valid,no_tumor,image080.jpg,no_tumor
valid,no_tumor,image081.jpg,no_tumor
valid,no_tumor,image082.jpg,no_tumor
valid,no_tumor,image083.jpg,no_tumor
valid,no_tumor,image084.jpg,no_tumor
valid,no_tumor,image085.jpg,no_tumor
valid,no_tumor,image086.jpg,glioma
valid,no_tumor,image087.jpg,no_tumor
valid,no_tumor,image088.jpg,no_tumor
valid,no_tumor,image089.jpg,no_tumor
valid,no_tumor,image090.jpg,pituitary
valid,no_tumor,image091.jpg,pituitary
valid,no_tumor,image092.jpg,pituitary
valid,no_tumor,image093.jpg,no_tumor
valid,no_tumor,image094.jpg,glioma
valid,no_tumor,image095.jpg,glioma
valid,no_tumor,image096.jpg,no_tumor
valid,no_tumor,image097.jpg,glioma
valid,no_tumor,image098.jpg,no_tumor
valid,no_tumor,image099.jpg,glioma
valid,pituitary,image001.jpg,pituitary
valid,pituitary,image002.jpg,pituitary
valid,pituitary,image003.jpg,pituitary
valid,pituitary,image004.jpg,pituitary
valid,pituitary,image005.jpg,pituitary
valid,pituitary,image006.jpg,pituitary
valid,pituitary,image007.jpg,pituitary
valid,pituitary,image008.jpg,pituitary
valid,pituitary,image009.jpg,pituitary
valid,pituitary,image010.jpg,pituitary
valid,pituitary,image011.jpg,pituitary
valid,pituitary,image012.jpg,pituitary
valid,pituitary,image013.jpg,pituitary
valid,pituitary,image014.jpg,pituitary
valid,pituitary,image015.jpg,glioma
valid,pituitary,image016.jpg,pituitary
valid,pituitary,image017.jpg,pituitary
valid,pituitary,image018.jpg,pituitary
valid,pituitary,image019.jpg,pituitary
valid,pituitary,image020.jpg,pituitary
valid,pituitary,image021.jpg,glioma
valid,pituitary,image022.jpg,pituitary
valid,pituitary,image023.jpg,pituitary
valid,pituitary,image024.jpg,pituitary
valid,pituitary,image025.jpg,pituitary
valid,pituitary,image026.jpg,pituitary
valid,pituitary,image027.jpg,pituitary
valid,pituitary,image028.jpg,pituitary
valid,pituitary,image029.jpg,pituitary
valid,pituitary,image030.jpg,pituitary
valid,pituitary,image031.jpg,pituitary
valid,pituitary,image032.jpg,pituitary
valid,pituitary,image033.jpg,pituitary
valid,pituitary,image034.jpg,pituitary
valid,pituitary,image035.jpg,pituitary
valid,pituitary,image036.jpg,pituitary
valid,pituitary,image037.jpg,pituitary
valid,pituitary,image038.jpg,pituitary
valid,pituitary,image039.jpg,pituitary
valid,pituitary,image040.jpg,pituitary
valid,pituitary,image041.jpg,pituitary
valid,pituitary,image042.jpg,pituitary
valid,pituitary,image043.jpg,pituitary
valid,pituitary,image044.jpg,pituitary
valid,pituitary,image045.jpg,pituitary
valid,pituitary,image046.jpg,pituitary
valid,pituitary,image047.jpg,pituitary
valid,pituitary,image048.jpg,pituitary
valid,pituitary,image049.jpg,pituitary
valid,pituitary,image050.jpg,pituitary
valid,pituitary,image051.jpg,pituitary
valid,pituitary,image052.jpg,pituitary
valid,pituitary,image053.jpg,pituitary
valid,pituitary,image054.jpg,pituitary
valid,pituitary,image055.jpg,glioma
valid,pituitary,image056.jpg,glioma
valid,pituitary,image057.jpg,pituitary
valid,pituitary,image058.jpg,pituitary
valid,pituitary,image059.jpg,pituitary
valid,pituitary,image060.jpg,pituitary
valid,pituitary,image061.jpg,pituitary
valid,pituitary,image062.jpg,pituitary
valid,pituitary,image063.jpg,pituitary
valid,pituitary,image064.jpg,pituitary
valid,pituitary,image065.jpg,pituitary
valid,pituitary,image066.jpg,pituitary
valid,pituitary,image067.jpg,pituitary
valid,pituitary,image068.jpg,pituitary
valid,pituitary,image069.jpg,pituitary
valid,pituitary,image070.jpg,pituitary
valid,pituitary,image071.jpg,pituitary
valid,pituitary,image072.jpg,pituitary
valid,pituitary,image073.jpg,pituitary
valid,pituitary,image074.jpg,pituitary
valid,pituitary,image075.jpg,pituitary
valid,pituitary,image076.jpg,pituitary
valid,pituitary,image077.jpg,pituitary
valid,pituitary,image078.jpg,pituitary
valid,pituitary,image079.jpg,pituitary
valid,pituitary,image080.jpg,pituitary
valid,pituitary,image081.jpg,pituitary
valid,pituitary,image082.jpg,pituitary
valid,pituitary,image083.jpg,pituitary
valid,pituitary,image084.jpg,pituitary
valid,pituitary,image085.jpg,pituitary
valid,pituitary,image086.jpg,pituitary
valid,pituitary,image087.jpg,pituitary
valid,pituitary,image088.jpg,glioma
valid,pituitary,image089.jpg,glioma
valid,pituitary,image090.jpg,pituitary
valid,pituitary,image091.jpg,pituitary
valid,pituitary,image092.jpg,no_tumor
valid,pituitary,image093.jpg,pituitary
valid,pituitary,image094.jpg,glioma
valid,pituitary,image095.jpg,pituitary
valid,pituitary,image096.jpg,pituitary
valid,pituitary,image097.jpg,glioma
valid,pituitary,image098.jpg,pituitary
valid,pituitary,image099.jpg,pituitary
valid,pituitary,image100.jpg,pituitary
valid,pituitary,image101.jpg,pituitary
valid,pituitary,image102.jpg,pituitary
valid,pituitary,image103.jpg,glioma
valid,pituitary,image104.jpg,pituitary
valid,pituitary,image105.jpg,pituitary
valid,pituitary,image106.jpg,glioma
valid,pituitary,image107.jpg,pituitary
valid,pituitary,image108.jpg,pituitary
valid,pituitary,image109.jpg,pituitary
valid,pituitary,image110.jpg,pituitary
valid,pituitary,image111.jpg,pituitary
valid,pituitary,image112.jpg,pituitary
valid,pituitary,image113.jpg,pituitary
valid,pituitary,image114.jpg,glioma
valid,pituitary,image115.jpg,pituitary
valid,pituitary,image116.jpg,pituitary
valid,pituitary,image117.jpg,glioma
valid,pituitary,image118.jpg,pituitary
test,glioma,image001.jpg,glioma
test,glioma,image002.jpg,glioma
test,glioma,image003.jpg,pituitary
test,glioma,image004.jpg,pituitary
test,glioma,image005.jpg,glioma
test,glioma,image006.jpg,glioma
test,glioma,image007.jpg,pituitary
test,glioma,image008.jpg,glioma
test,glioma,image009.jpg,glioma
test,glioma,image010.jpg,glioma
test,glioma,image011.jpg,glioma
test,glioma,image012.jpg,glioma
test,glioma,image013.jpg,glioma
test,glioma,image014.jpg,pituitary
test,glioma,image015.jpg,glioma
test,glioma,image016.jpg,glioma
test,glioma,image017.jpg,glioma
test,glioma,image018.jpg,glioma
test,glioma,image019.jpg,glioma
test,glioma,image020.jpg,glioma
test,glioma,image021.jpg,glioma
test,glioma,image022.jpg,glioma
test,glioma,image023.jpg,glioma
test,glioma,image024.jpg,glioma
test,glioma,image025.jpg,glioma
test,glioma,image026.jpg,glioma
test,glioma,image027.jpg,glioma
test,glioma,image028.jpg,glioma
test,glioma,image029.jpg,meningioma
test,glioma,image030.jpg,glioma
test,glioma,image031.jpg,glioma
test,glioma,image032.jpg,glioma
test,glioma,image033.jpg,glioma
test,glioma,image034.jpg,glioma
test,glioma,image035.jpg,glioma
test,glioma,image036.jpg,glioma
test,glioma,image037.jpg,glioma
test,glioma,image038.jpg,glioma
test,glioma,image039.jpg,glioma
test,glioma,image040.jpg,glioma
test,glioma,image041.jpg,glioma
test,glioma,image042.jpg,glioma
test,glioma,image043.jpg,glioma
test,glioma,image044.jpg,glioma
test,glioma,image045.jpg,glioma
test,glioma,image046.jpg,glioma
test,glioma,image047.jpg,glioma
test,glioma,image048.jpg,glioma
test,glioma,image049.jpg,glioma
test,glioma,image050.jpg,glioma
test,glioma,image051.jpg,glioma
test,glioma,image052.jpg,glioma
test,glioma,image053.jpg,glioma
test,glioma,image054.jpg,glioma
test,glioma,image055.jpg,glioma
test,glioma,image056.jpg,glioma
test,glioma,image057.jpg,glioma
test,glioma,image058.jpg,glioma
test,glioma,image059.jpg,glioma
test,glioma,image060.jpg,glioma
test,glioma,image061.jpg,glioma
test,glioma,image062.jpg,glioma
test,glioma,image063.jpg,glioma
test,glioma,image064.jpg,glioma
test,glioma,image065.jpg,glioma
test,glioma,image066.jpg,glioma
test,glioma,image067.jpg,glioma
test,glioma,image068.jpg,glioma
test,glioma,image069.jpg,pituitary
test,glioma,image070.jpg,glioma
test,glioma,image071.jpg,glioma
test,glioma,image072.jpg,meningioma
test,glioma,image073.jpg,glioma
test,glioma,image074.jpg,glioma
test,glioma,image075.jpg,glioma
test,glioma,image076.jpg,glioma
test,glioma,image077.jpg,glioma
test,glioma,image078.jpg,glioma
test,glioma,image079.jpg,glioma
test,glioma,image080.jpg,glioma
test,meningioma,image001.jpg,glioma
test,meningioma,image002.jpg,glioma
test,meningioma,image003.jpg,glioma
test,meningioma,image004.jpg,glioma
test,meningioma,image005.jpg,glioma
test,meningioma,image006.jpg,glioma
test,meningioma,image007.jpg,pituitary
test,meningioma,image008.jpg,glioma
test,meningioma,image009.jpg,no_tumor
test,meningioma,image010.jpg,glioma
test,meningioma,image011.jpg,glioma
test,meningioma,image012.jpg,glioma
test,meningioma,image013.jpg,glioma
test,meningioma,image014.jpg,glioma
test,meningioma,image015.jpg,glioma
test,meningioma,image016.jpg,glioma
test,meningioma,image017.jpg,meningioma
test,meningioma,image018.jpg,glioma
test,meningioma,image019.jpg,meningioma
test,meningioma,image020.jpg,meningioma
test,meningioma,image021.jpg,no_tumor
test,meningioma,image022.jpg,no_tumor
test,meningioma,image023.jpg,pituitary
test,meningioma,image024.jpg,no_tumor
test,meningioma,image025.jpg,pituitary
test,meningioma,image026.jpg,no_tumor
test,meningioma,image027.jpg,pituitary
test,meningioma,image028.jpg,glioma
test,meningioma,image029.jpg,no_tumor
test,meningioma,image030.jpg,no_tumor
test,meningioma,image031.jpg,no_tumor
test,meningioma,image032.jpg,pituitary
test,meningioma,image033.jpg,glioma
test,meningioma,image034.jpg,pituitary
test,meningioma,image035.jpg,glioma
test,meningioma,image036.jpg,glioma
test,meningioma,image037.jpg,glioma
test,meningioma,image038.jpg,meningioma
test,meningioma,image039.jpg,glioma
test,meningioma,image040.jpg,glioma
test,meningioma,image041.jpg,glioma
test,meningioma,image042.jpg,glioma
test,meningioma,image043.jpg,no_tumor
test,meningioma,image044.jpg,no_tumor
test,meningioma,image045.jpg,meningioma
test,meningioma,image046.jpg,glioma
test,meningioma,image047.jpg,glioma
test,meningioma,image048.jpg,meningioma
test,meningioma,image049.jpg,pituitary
test,meningioma,image050.jpg,meningioma
test,meningioma,image051.jpg,glioma
test,meningioma,image052.jpg,meningioma
test,meningioma,image053.jpg,pituitary
test,meningioma,image054.jpg,meningioma
test,meningioma,image055.jpg,glioma
test,meningioma,image056.jpg,glioma
test,meningioma,image057.jpg,glioma
test,meningioma,image058.jpg,glioma
test,meningioma,image059.jpg,pituitary
test,meningioma,image060.jpg,pituitary
test,meningioma,image061.jpg,pituitary
test,meningioma,image062.jpg,pituitary
test,meningioma,image063.jpg,meningioma
test,no_tumor,image001.jpg,no_tumor
test,no_tumor,image002.jpg,glioma
test,no_tumor,image003.jpg,no_tumor
test,no_tumor,image004.jpg,pituitary
test,no_tumor,image005.jpg,no_tumor
test,no_tumor,image006.jpg,no_tumor
test,no_tumor,image007.jpg,no_tumor
test,no_tumor,image008.jpg,no_tumor
test,no_tumor,image009.jpg,no_tumor
test,no_tumor,image010.jpg,no_tumor
test,no_tumor,image011.jpg,no_tumor
test,no_tumor,image012.jpg,glioma
test,no_tumor,image013.jpg,no_tumor
test,no_tumor,image014.jpg,no_tumor
test,no_tumor,image015.jpg,glioma
test,no_tumor,image016.jpg,pituitary
test,no_tumor,image017.jpg,no_tumor
test,no_tumor,image018.jpg,glioma
test,no_tumor,image019.jpg,no_tumor
test,no_tumor,image020.jpg,pituitary
test,no_tumor,image021.jpg,no_tumor
test,no_tumor,image022.jpg,pituitary
test,no_tumor,image023.jpg,pituitary
test,no_tumor,image024.jpg,no_tumor
test,no_tumor,image025.jpg,pituitary
test,no_tumor,image026.jpg,no_tumor
test,no_tumor,image027.jpg,no_tumor
test,no_tumor,image028.jpg,no_tumor
test,no_tumor,image029.jpg,glioma
test,no_tumor,image030.jpg,no_tumor
test,no_tumor,image031.jpg,glioma
test,no_tumor,image032.jpg,no_tumor
test,no_tumor,image033.jpg,pituitary
test,no_tumor,image034.jpg,no_tumor
test,no_tumor,image035.jpg,glioma
test,no_tumor,image036.jpg,no_tumor
test,no_tumor,image037.jpg,no_tumor
test,no_tumor,image038.jpg,no_tumor
test,no_tumor,image039.jpg,no_tumor
test,no_tumor,image040.jpg,no_tumor
test,no_tumor,image041.jpg,no_tumor
test,no_tumor,image042.jpg,no_tumor
test,no_tumor,image043.jpg,no_tumor
test,no_tumor,image044.jpg,pituitary
test,no_tumor,image045.jpg,pituitary
test,no_tumor,image046.jpg,no_tumor
test,no_tumor,image047.jpg,pituitary
test,no_tumor,image048.jpg,glioma
test,no_tumor,image049.jpg,no_tumor
test,pituitary,image001.jpg,pituitary
test,pituitary,image002.jpg,pituitary
test,pituitary,image003.jpg,pituitary
test,pituitary,image004.jpg,pituitary
test,pituitary,image005.jpg,pituitary
test,pituitary,image006.jpg,pituitary
test,pituitary,image007.jpg,pituitary
test,pituitary,image008.jpg,pituitary
test,pituitary,image009.jpg,pituitary
test,pituitary,image010.jpg,pituitary
test,pituitary,image011.jpg,pituitary
test,pituitary,image012.jpg,pituitary
test,pituitary,image013.jpg,pituitary
test,pituitary,image014.jpg,pituitary
test,pituitary,image015.jpg,pituitary
test,pituitary,image016.jpg,pituitary
test,pituitary,image017.jpg,pituitary
test,pituitary,image018.jpg,pituitary
test,pituitary,image019.jpg,pituitary
test,pituitary,image020.jpg,pituitary
test,pituitary,image021.jpg,pituitary
test,pituitary,image022.jpg,pituitary
test,pituitary,image023.jpg,pituitary
test,pituitary,image024.jpg,pituitary
test,pituitary,image025.jpg,pituitary
test,pituitary,image026.jpg,pituitary
test,pituitary,image027.jpg,pituitary
test,pituitary,image028.jpg,pituitary
test,pituitary,image029.jpg,pituitary
test,pituitary,image030.jpg,pituitary
test,pituitary,image031.jpg,pituitary
test,pituitary,image032.jpg,pituitary
test,pituitary,image033.jpg,pituitary
test,pituitary,image034.jpg,pituitary
test,pituitary,image035.jpg,pituitary
test,pituitary,image036.jpg,pituitary
test,pituitary,image037.jpg,pituitary
test,pituitary,image038.jpg,pituitary
test,pituitary,image039.jpg,pituitary
test,pituitary,image040.jpg,glioma
test,pituitary,image041.jpg,pituitary
test,pituitary,image042.jpg,glioma
test,pituitary,image043.jpg,pituitary
test,pituitary,image044.jpg,pituitary
test,pituitary,image045.jpg,pituitary
test,pituitary,image046.jpg,pituitary
test,pituitary,image047.jpg,pituitary
test,pituitary,image048.jpg,pituitary
test,pituitary,image049.jpg,pituitary
test,pituitary,image050.jpg,glioma
test,pituitary,image051.jpg,pituitary
test,pituitary,image052.jpg,pituitary
test,pituitary,image053.jpg,pituitary
test,pituitary,image054.jpg,pituitary
